Timestamp,LST_Day_1km,LST_Night_1km,Year,Month,Day
2015-01-01,29.8092,16.941,2015,1,1
2015-01-02,30.2141,16.2522,2015,1,2
2015-01-03,28.7037,15.1516,2015,1,3
2015-01-04,27.2879,15.1362,2015,1,4
2015-01-05,28.3289,13.6639,2015,1,5
2015-01-06,25.9294,15.6571,2015,1,6
2015-01-07,29.3733,13.8884,2015,1,7
2015-01-08,26.3078,16.463,2015,1,8
2015-01-09,26.7608,14.6804,2015,1,9
2015-01-10,26.6181,15.2153,2015,1,10
2015-01-11,26.4721,14.7084,2015,1,11
2015-01-12,27.3941,13.2241,2015,1,12
2015-01-13,27.5684,14.225,2015,1,13
2015-01-14,32.5784,14.6697,2015,1,14
2015-01-15,29.5614,16.7771,2015,1,15
2015-01-16,32.9244,14.3772,2015,1,16
2015-01-17,30.9841,17.0129,2015,1,17
2015-01-18,34.704,17.9038,2015,1,18
2015-01-19,34.3293,18.9021,2015,1,19
2015-01-20,34.7938,19.1497,2015,1,20
2015-01-21,36.7629,18.8866,2015,1,21
2015-01-22,34.9832,19.2339,2015,1,22
2015-01-23,39.8612,17.8531,2015,1,23
2015-01-24,37.8335,19.4942,2015,1,24
2015-01-25,36.5668,18.0984,2015,1,25
2015-01-26,36.8182,18.4722,2015,1,26
2015-01-27,34.6455,17.9686,2015,1,27
2015-01-28,35.5945,19.1067,2015,1,28
2015-01-29,33.7142,18.5685,2015,1,29
2015-01-30,36.0487,16.5515,2015,1,30
2015-01-31,34.1784,19.218,2015,1,31
2015-02-01,39.1284,18.3855,2015,2,1
2015-02-02,37.6058,18.3761,2015,2,2
2015-02-03,37.9818,15.5341,2015,2,3
2015-02-04,38.5067,17.1726,2015,2,4
2015-02-05,39.6435,20.4545,2015,2,5
2015-02-06,41.1401,20.3087,2015,2,6
2015-02-07,38.5326,20.5073,2015,2,7
2015-02-08,40.7135,15.9802,2015,2,8
2015-02-09,39.5378,18.4143,2015,2,9
2015-02-10,41.8483,19.9427,2015,2,10
2015-02-11,36.4306,21.3301,2015,2,11
2015-02-12,35.1041,20.9917,2015,2,12
2015-02-13,39.4516,17.9986,2015,2,13
2015-02-14,39.6034,20.7175,2015,2,14
2015-02-15,41.6921,20.5373,2015,2,15
2015-02-16,38.2593,22.2488,2015,2,16
2015-02-17,38.7499,18.9728,2015,2,17
2015-02-18,35.4459,17.7143,2015,2,18
2015-02-19,37.7262,17.07,2015,2,19
2015-02-20,35.6261,18.4653,2015,2,20
2015-02-21,35.0421,20.677,2015,2,21
2015-02-22,34.5205,19.6241,2015,2,22
2015-02-23,33.2414,19.1843,2015,2,23
2015-02-24,33.7709,15.5318,2015,2,24
2015-02-25,30.4335,19.4802,2015,2,25
2015-02-26,35.7486,17.3291,2015,2,26
2015-02-27,34.3135,17.7608,2015,2,27
2015-02-28,33.2174,19.4135,2015,2,28
2015-03-01,34.1887,18.1192,2015,3,1
2015-03-02,33.3795,19.1247,2015,3,2
2015-03-03,34.0734,15.2034,2015,3,3
2015-03-04,28.8068,20.2919,2015,3,4
2015-03-05,32.7684,17.29,2015,3,5
2015-03-06,32.4619,19.8125,2015,3,6
2015-03-07,37.7497,19.7917,2015,3,7
2015-03-08,37.3016,20.8535,2015,3,8
2015-03-09,37.0345,20.134,2015,3,9
2015-03-10,38.4188,18.1936,2015,3,10
2015-03-11,37.2615,22.070999999999998,2015,3,11
2015-03-12,36.105,19.6349,2015,3,12
2015-03-13,32.1003,22.316999999999997,2015,3,13
2015-03-14,33.8787,19.5992,2015,3,14
2015-03-15,33.6886,21.4813,2015,3,15
2015-03-16,29.9202,17.9711,2015,3,16
2015-03-17,27.19,17.6612,2015,3,17
2015-03-18,33.5167,21.4824,2015,3,18
2015-03-19,38.4293,21.3659,2015,3,19
2015-03-20,34.9697,23.4814,2015,3,20
2015-03-21,37.9481,15.8281,2015,3,21
2015-03-22,33.2025,22.0364,2015,3,22
2015-03-23,38.6473,20.9906,2015,3,23
2015-03-24,33.8457,19.496,2015,3,24
2015-03-25,42.0102,20.6988,2015,3,25
2015-03-26,35.4086,20.0175,2015,3,26
2015-03-27,30.1794,19.9276,2015,3,27
2015-03-28,37.0246,18.9729,2015,3,28
2015-03-29,38.007,19.5998,2015,3,29
2015-03-30,38.5079,18.2054,2015,3,30
2015-03-31,34.673,21.9696,2015,3,31
2015-04-01,34.9054,15.4029,2015,4,1
2015-04-02,35.9066,20.0575,2015,4,2
2015-04-03,35.1806,20.7385,2015,4,3
2015-04-04,35.7755,19.4952,2015,4,4
2015-04-05,36.9792,22.73,2015,4,5
2015-04-06,39.3085,20.8399,2015,4,6
2015-04-07,39.6198,24.0728,2015,4,7
2015-04-08,42.9687,20.7626,2015,4,8
2015-04-09,41.2651,22.8227,2015,4,9
2015-04-10,35.8662,20.8989,2015,4,10
2015-04-11,32.0417,18.6038,2015,4,11
2015-04-12,32.2308,19.7981,2015,4,12
2015-04-13,33.2391,17.3669,2015,4,13
2015-04-14,31.3769,21.0019,2015,4,14
2015-04-15,39.6148,19.4768,2015,4,15
2015-04-16,33.7605,20.5642,2015,4,16
2015-04-17,34.4708,20.1985,2015,4,17
2015-04-18,33.6266,20.5577,2015,4,18
2015-04-19,34.4985,21.8005,2015,4,19
2015-04-20,40.6355,20.7277,2015,4,20
2015-04-21,41.0403,23.295,2015,4,21
2015-04-22,43.86600000000001,21.644000000000002,2015,4,22
2015-04-23,40.4191,22.2526,2015,4,23
2015-04-24,38.4023,17.675,2015,4,24
2015-04-25,32.1922,20.2422,2015,4,25
2015-04-26,39.8049,19.7855,2015,4,26
2015-04-27,38.9762,20.4456,2015,4,27
2015-04-28,42.7918,21.2704,2015,4,28
2015-04-29,43.9095,21.4219,2015,4,29
2015-04-30,41.6103,24.026999999999997,2015,4,30
2015-05-01,44.6115,21.1399,2015,5,1
2015-05-02,39.595,23.0979,2015,5,2
2015-05-03,34.9409,18.0908,2015,5,3
2015-05-04,32.2588,22.730999999999998,2015,5,4
2015-05-05,44.0457,21.1622,2015,5,5
2015-05-06,39.2068,21.735,2015,5,6
2015-05-07,40.8946,22.0754,2015,5,7
2015-05-08,43.3593,23.3091,2015,5,8
2015-05-09,39.4925,23.7658,2015,5,9
2015-05-10,42.6581,20.2442,2015,5,10
2015-05-11,40.0777,23.4343,2015,5,11
2015-05-12,42.2435,22.528000000000002,2015,5,12
2015-05-13,41.4968,19.7833,2015,5,13
2015-05-14,42.1617,22.7879,2015,5,14
2015-05-15,32.6677,18.6719,2015,5,15
2015-05-16,39.1947,24.9914,2015,5,16
2015-05-17,40.3611,21.4666,2015,5,17
2015-05-18,38.3813,23.2136,2015,5,18
2015-05-19,42.3594,23.4665,2015,5,19
2015-05-20,39.1393,24.285,2015,5,20
2015-05-21,39.0409,25.1975,2015,5,21
2015-05-22,37.6988,23.6778,2015,5,22
2015-05-23,39.7335,25.8169,2015,5,23
2015-05-24,39.1571,24.1682,2015,5,24
2015-05-25,37.4505,23.3656,2015,5,25
2015-05-26,41.1932,19.6939,2015,5,26
2015-05-27,35.506,25.8116,2015,5,27
2015-05-28,39.9347,24.5896,2015,5,28
2015-05-29,38.5768,24.497,2015,5,29
2015-05-30,36.2692,26.5541,2015,5,30
2015-05-31,37.1753,24.4531,2015,5,31
2015-06-01,37.2008,25.191999999999997,2015,6,1
2015-06-02,38.7311,26.0632,2015,6,2
2015-06-03,32.0925,22.7069,2015,6,3
2015-06-04,35.4957,20.9613,2015,6,4
2015-06-05,29.3359,22.0899,2015,6,5
2015-06-06,32.1342,22.4068,2015,6,6
2015-06-07,26.7089,19.2292,2015,6,7
2015-06-08,31.3228,20.5366,2015,6,8
2015-06-09,33.6613,19.3967,2015,6,9
2015-06-10,30.0395,21.7337,2015,6,10
2015-06-11,34.8732,20.3824,2015,6,11
2015-06-12,24.4627,20.9535,2015,6,12
2015-06-13,34.205999999999996,21.2352,2015,6,13
2015-06-14,33.774,20.8475,2015,6,14
2015-06-15,35.1496,22.4715,2015,6,15
2015-06-16,38.1016,18.1379,2015,6,16
2015-06-17,33.0443,23.9913,2015,6,17
2015-06-18,37.5662,22.268,2015,6,18
2015-06-19,35.9023,24.2824,2015,6,19
2015-06-20,36.5051,20.1028,2015,6,20
2015-06-21,33.1829,24.3582,2015,6,21
2015-06-22,37.9841,24.2817,2015,6,22
2015-06-23,33.9663,22.0089,2015,6,23
2015-06-24,31.1541,22.0844,2015,6,24
2015-06-25,33.4465,19.361,2015,6,25
2015-06-26,27.1879,21.0558,2015,6,26
2015-06-27,33.6619,22.1467,2015,6,27
2015-06-28,32.6891,22.493000000000002,2015,6,28
2015-06-29,37.1624,22.7969,2015,6,29
2015-06-30,35.2441,23.7881,2015,6,30
2015-07-01,34.6798,23.8011,2015,7,1
2015-07-02,34.4889,18.2667,2015,7,2
2015-07-03,34.4061,21.3488,2015,7,3
2015-07-04,34.8852,22.2907,2015,7,4
2015-07-05,31.3197,23.2416,2015,7,5
2015-07-06,36.7824,23.7033,2015,7,6
2015-07-07,38.786,25.7812,2015,7,7
2015-07-08,35.5412,23.1097,2015,7,8
2015-07-09,33.5075,20.0458,2015,7,9
2015-07-10,33.6448,23.1437,2015,7,10
2015-07-11,32.6077,22.5394,2015,7,11
2015-07-12,28.4524,21.6881,2015,7,12
2015-07-13,30.8474,20.8907,2015,7,13
2015-07-14,28.853,24.3252,2015,7,14
2015-07-15,32.5037,22.2266,2015,7,15
2015-07-16,30.7483,21.0974,2015,7,16
2015-07-17,31.6627,21.6161,2015,7,17
2015-07-18,29.9007,20.2258,2015,7,18
2015-07-19,32.1625,21.0043,2015,7,19
2015-07-20,32.5101,18.2383,2015,7,20
2015-07-21,26.3209,22.629,2015,7,21
2015-07-22,31.3831,21.8817,2015,7,22
2015-07-23,29.123,21.8226,2015,7,23
2015-07-24,30.7337,22.1766,2015,7,24
2015-07-25,31.7212,24.0272,2015,7,25
2015-07-26,27.3191,19.7779,2015,7,26
2015-07-27,30.6961,20.0581,2015,7,27
2015-07-28,29.8237,23.1443,2015,7,28
2015-07-29,28.8055,19.6328,2015,7,29
2015-07-30,27.7753,23.1359,2015,7,30
2015-07-31,33.5203,20.3854,2015,7,31
2015-08-01,29.5185,24.8059,2015,8,1
2015-08-02,33.0928,21.8283,2015,8,2
2015-08-04,31.0445,22.2733,2015,8,4
2015-08-05,29.3655,19.4098,2015,8,5
2015-08-06,28.3235,20.7953,2015,8,6
2015-08-07,28.8588,20.5663,2015,8,7
2015-08-08,29.8545,21.5084,2015,8,8
2015-08-09,30.7548,20.5559,2015,8,9
2015-08-10,27.3676,20.1432,2015,8,10
2015-08-11,27.3694,19.2025,2015,8,11
2015-08-12,29.1006,20.6213,2015,8,12
2015-08-13,26.4159,19.5656,2015,8,13
2015-08-14,28.5504,20.1609,2015,8,14
2015-08-15,26.8324,19.6852,2015,8,15
2015-08-16,32.078,18.6648,2015,8,16
2015-08-17,27.5584,21.505,2015,8,17
2015-08-18,30.4435,22.3334,2015,8,18
2015-08-19,25.3432,20.8218,2015,8,19
2015-08-20,28.6908,21.8678,2015,8,20
2015-08-21,29.439,21.0125,2015,8,21
2015-08-22,25.031,22.4858,2015,8,22
2015-08-25,31.5754,20.8714,2015,8,25
2015-08-26,30.4241,16.9967,2015,8,26
2015-08-27,27.1358,22.5039,2015,8,27
2015-08-28,33.0683,19.3497,2015,8,28
2015-08-29,26.9727,20.9289,2015,8,29
2015-08-30,31.6456,22.6225,2015,8,30
2015-08-31,21.74,19.7897,2015,8,31
2015-09-01,29.016,20.5432,2015,9,1
2015-09-02,29.0902,21.386,2015,9,2
2015-09-03,30.4289,21.9261,2015,9,3
2015-09-04,29.3659,18.0116,2015,9,4
2015-09-05,30.0054,23.3399,2015,9,5
2015-09-06,32.8574,22.2066,2015,9,6
2015-09-07,29.5024,20.7104,2015,9,7
2015-09-08,30.9503,20.3031,2015,9,8
2015-09-09,28.5036,23.3523,2015,9,9
2015-09-10,31.8383,23.9074,2015,9,10
2015-09-11,31.5486,20.636,2015,9,11
2015-09-12,28.7869,23.1113,2015,9,12
2015-09-13,30.0724,15.6821,2015,9,13
2015-09-14,23.7134,22.3943,2015,9,14
2015-09-15,28.3787,17.2185,2015,9,15
2015-09-16,28.1915,22.8272,2015,9,16
2015-09-17,32.3791,20.8074,2015,9,17
2015-09-18,29.2386,22.7504,2015,9,18
2015-09-19,33.5332,22.9075,2015,9,19
2015-09-20,29.936999999999998,22.5713,2015,9,20
2015-09-21,24.2573,21.9608,2015,9,21
2015-09-22,30.8649,21.5092,2015,9,22
2015-09-23,27.979,23.2608,2015,9,23
2015-09-24,32.6843,21.7263,2015,9,24
2015-09-25,30.2166,22.1273,2015,9,25
2015-09-26,27.174,21.4417,2015,9,26
2015-09-27,30.0617,22.5116,2015,9,27
2015-09-28,27.0842,21.7402,2015,9,28
2015-09-29,30.1999,21.0798,2015,9,29
2015-09-30,30.0149,23.5373,2015,9,30
2015-10-01,31.7449,21.9737,2015,10,1
2015-10-02,29.5119,20.8178,2015,10,2
2015-10-03,32.7499,22.0616,2015,10,3
2015-10-04,27.8878,22.4172,2015,10,4
2015-10-05,28.7952,21.4571,2015,10,5
2015-10-06,30.5539,21.7916,2015,10,6
2015-10-07,29.8155,21.4042,2015,10,7
2015-10-08,33.6345,21.7928,2015,10,8
2015-10-09,30.726,23.1479,2015,10,9
2015-10-10,33.7782,21.9671,2015,10,10
2015-10-11,32.0756,23.8105,2015,10,11
2015-10-12,34.3032,23.5896,2015,10,12
2015-10-13,35.172,23.105999999999998,2015,10,13
2015-10-14,36.0047,23.5546,2015,10,14
2015-10-15,37.8036,24.0679,2015,10,15
2015-10-16,34.0401,23.8828,2015,10,16
2015-10-17,35.8633,22.4962,2015,10,17
2015-10-18,31.4724,23.0813,2015,10,18
2015-10-19,35.6843,23.7794,2015,10,19
2015-10-20,34.8765,23.6553,2015,10,20
2015-10-21,37.3428,22.6095,2015,10,21
2015-10-22,37.2837,22.8751,2015,10,22
2015-10-23,34.9249,23.5385,2015,10,23
2015-10-24,38.2873,22.9518,2015,10,24
2015-10-25,36.1554,23.6483,2015,10,25
2015-10-26,37.6972,22.9102,2015,10,26
2015-10-27,36.3023,19.3391,2015,10,27
2015-10-28,35.183,21.0712,2015,10,28
2015-10-29,35.0156,19.8622,2015,10,29
2015-10-30,33.0016,21.2917,2015,10,30
2015-10-31,34.9492,17.8993,2015,10,31
2015-11-01,33.3526,20.6378,2015,11,1
2015-11-02,37.7256,19.2825,2015,11,2
2015-11-03,34.6004,20.3872,2015,11,3
2015-11-04,32.8122,20.1465,2015,11,4
2015-11-05,31.6724,18.2419,2015,11,5
2015-11-06,33.0996,20.1804,2015,11,6
2015-11-07,34.8051,18.6387,2015,11,7
2015-11-08,33.6797,20.8092,2015,11,8
2015-11-09,35.9203,20.8628,2015,11,9
2015-11-10,33.808,20.721999999999998,2015,11,10
2015-11-11,34.1621,20.079,2015,11,11
2015-11-12,33.3245,19.5204,2015,11,12
2015-11-13,33.4075,19.031,2015,11,13
2015-11-14,35.2267,17.0632,2015,11,14
2015-11-15,34.169000000000004,19.3967,2015,11,15
2015-11-16,35.7721,18.3902,2015,11,16
2015-11-17,32.4362,19.1204,2015,11,17
2015-11-18,34.2461,18.9206,2015,11,18
2015-11-19,32.4498,19.6394,2015,11,19
2015-11-20,31.9025,18.8926,2015,11,20
2015-11-21,34.4002,16.2378,2015,11,21
2015-11-22,34.313,17.6453,2015,11,22
2015-11-23,35.8012,17.7829,2015,11,23
2015-11-24,35.4047,19.176,2015,11,24
2015-11-25,37.0321,18.484,2015,11,25
2015-11-26,35.5468,19.6426,2015,11,26
2015-11-27,37.5356,19.8003,2015,11,27
2015-11-28,37.1428,19.1251,2015,11,28
2015-11-29,36.7897,19.0836,2015,11,29
2015-11-30,36.9287,18.3894,2015,11,30
2015-12-01,30.2116,19.9377,2015,12,1
2015-12-02,29.2052,14.9838,2015,12,2
2015-12-03,24.7533,17.6767,2015,12,3
2015-12-04,27.0745,17.6675,2015,12,4
2015-12-05,28.1526,15.9801,2015,12,5
2015-12-06,28.8277,17.5494,2015,12,6
2015-12-07,29.4223,16.2067,2015,12,7
2015-12-08,29.0687,17.6448,2015,12,8
2015-12-09,31.1721,16.8831,2015,12,9
2015-12-10,28.2924,18.041,2015,12,10
2015-12-11,31.0335,16.4893,2015,12,11
2015-12-12,29.3013,16.3929,2015,12,12
2015-12-13,30.5384,16.1433,2015,12,13
2015-12-14,29.8198,16.127,2015,12,14
2015-12-15,28.76,15.679,2015,12,15
2015-12-16,32.8581,13.8377,2015,12,16
2015-12-17,30.1936,15.1813,2015,12,17
2015-12-18,31.6158,13.9444,2015,12,18
2015-12-19,28.9912,15.9122,2015,12,19
2015-12-20,30.6508,16.043,2015,12,20
2015-12-21,28.915,16.8006,2015,12,21
2015-12-22,28.6691,16.4304,2015,12,22
2015-12-23,29.2374,15.2451,2015,12,23
2015-12-24,26.3077,16.8733,2015,12,24
2015-12-25,28.2604,15.9021,2015,12,25
2015-12-26,26.4731,18.0846,2015,12,26
2015-12-27,30.9407,17.2625,2015,12,27
2015-12-28,30.5638,17.326,2015,12,28
2015-12-29,32.7416,16.5171,2015,12,29
2015-12-30,33.3717,16.2922,2015,12,30
2015-12-31,29.8697,16.5108,2015,12,31
2016-01-01,32.4573,15.0312,2016,1,1
2016-01-02,28.8678,17.4727,2016,1,2
2016-01-03,30.3711,15.419,2016,1,3
2016-01-04,28.6153,17.0899,2016,1,4
2016-01-05,31.8247,17.7455,2016,1,5
2016-01-06,32.9163,17.3038,2016,1,6
2016-01-07,34.1521,17.5171,2016,1,7
2016-01-08,35.5799,17.1166,2016,1,8
2016-01-09,32.8128,19.2504,2016,1,9
2016-01-10,36.2579,18.1339,2016,1,10
2016-01-11,34.2184,18.747,2016,1,11
2016-01-12,36.4157,17.7594,2016,1,12
2016-01-13,31.8307,18.4465,2016,1,13
2016-01-14,33.5289,17.1704,2016,1,14
2016-01-15,34.1053,17.1726,2016,1,15
2016-01-16,33.3063,17.1885,2016,1,16
2016-01-17,34.6403,12.8542,2016,1,17
2016-01-18,28.6705,17.3271,2016,1,18
2016-01-19,30.8733,14.7611,2016,1,19
2016-01-20,30.9048,17.3162,2016,1,20
2016-01-21,35.071,16.5513,2016,1,21
2016-01-22,34.4428,14.9234,2016,1,22
2016-01-23,32.531,16.8031,2016,1,23
2016-01-24,30.0053,13.5003,2016,1,24
2016-01-25,27.725,16.5458,2016,1,25
2016-01-26,28.7767,12.7787,2016,1,26
2016-01-27,26.5643,17.3207,2016,1,27
2016-01-28,28.2135,15.6421,2016,1,28
2016-01-29,26.8497,16.6328,2016,1,29
2016-01-30,28.7461,16.387,2016,1,30
2016-01-31,29.0027,16.2348,2016,1,31
2016-02-01,28.9697,17.980999999999998,2016,2,1
2016-02-02,33.611,17.6493,2016,2,2
2016-02-03,31.0947,20.1416,2016,2,3
2016-02-04,34.3003,19.7653,2016,2,4
2016-02-05,30.813000000000002,19.8742,2016,2,5
2016-02-06,33.8348,20.2434,2016,2,6
2016-02-07,30.1111,18.7519,2016,2,7
2016-02-08,30.1955,19.1161,2016,2,8
2016-02-09,33.9315,16.026,2016,2,9
2016-02-10,33.158,17.7056,2016,2,10
2016-02-11,35.0054,17.4825,2016,2,11
2016-02-12,30.0391,18.6406,2016,2,12
2016-02-13,35.4899,17.1761,2016,2,13
2016-02-14,35.4889,18.1726,2016,2,14
2016-02-15,38.1758,19.5597,2016,2,15
2016-02-16,38.187,19.9165,2016,2,16
2016-02-17,38.3383,21.9814,2016,2,17
2016-02-28,34.4214,22.9533,2016,2,28
2016-02-29,41.8181,18.4324,2016,2,29
2016-03-01,38.9036,22.6493,2016,3,1
2016-03-02,37.3796,22.5471,2016,3,2
2016-03-03,36.7925,21.9333,2016,3,3
2016-03-04,32.8258,22.3293,2016,3,4
2016-03-05,36.6227,17.4611,2016,3,5
2016-03-06,34.5458,23.0752,2016,3,6
2016-03-07,38.7977,19.879,2016,3,7
2016-03-08,40.481,22.2528,2016,3,8
2016-03-09,42.9208,21.3351,2016,3,9
2016-03-10,40.243,20.323,2016,3,10
2016-03-11,40.1385,19.4267,2016,3,11
2016-03-12,38.3753,24.4599,2016,3,12
2016-03-13,35.4441,19.688,2016,3,13
2016-03-14,37.6817,19.9141,2016,3,14
2016-03-15,42.181000000000004,23.4094,2016,3,15
2016-03-16,41.1197,23.4106,2016,3,16
2016-03-17,39.0186,24.3825,2016,3,17
2016-03-18,39.4336,23.3568,2016,3,18
2016-03-19,38.1718,20.2826,2016,3,19
2016-03-20,35.9224,23.3586,2016,3,20
2016-03-21,36.1412,21.2175,2016,3,21
2016-03-22,34.0312,24.0137,2016,3,22
2016-03-23,40.9046,20.7694,2016,3,23
2016-03-24,39.1818,22.9529,2016,3,24
2016-03-25,40.3444,19.0513,2016,3,25
2016-03-26,36.9268,20.5865,2016,3,26
2016-03-27,38.644,22.276999999999997,2016,3,27
2016-03-28,37.5606,21.4833,2016,3,28
2016-03-29,32.5784,23.3471,2016,3,29
2016-03-30,33.8313,18.6163,2016,3,30
2016-03-31,30.3627,21.7009,2016,3,31
2016-04-01,33.6823,13.857000000000001,2016,4,1
2016-04-02,34.3316,22.3992,2016,4,2
2016-04-03,38.3083,22.1391,2016,4,3
2016-04-04,42.2685,23.1051,2016,4,4
2016-04-05,39.9703,20.9611,2016,4,5
2016-04-06,41.5775,19.2633,2016,4,6
2016-04-07,37.3324,25.9397,2016,4,7
2016-04-08,39.2537,23.3889,2016,4,8
2016-04-09,37.0874,25.0071,2016,4,9
2016-04-10,37.4987,22.7039,2016,4,10
2016-04-11,35.7893,24.4917,2016,4,11
2016-04-12,38.4107,23.8826,2016,4,12
2016-04-13,37.4888,23.4472,2016,4,13
2016-04-14,39.1417,22.1145,2016,4,14
2016-04-15,38.7123,20.6442,2016,4,15
2016-04-16,37.9257,22.2999,2016,4,16
2016-04-17,40.7123,22.7927,2016,4,17
2016-04-18,38.6184,24.2633,2016,4,18
2016-04-19,43.4463,22.3572,2016,4,19
2016-04-20,41.0007,22.4425,2016,4,20
2016-04-21,41.6123,23.4851,2016,4,21
2016-04-22,41.9409,21.3421,2016,4,22
2016-04-23,39.681,24.1387,2016,4,23
2016-04-24,44.181999999999995,20.2474,2016,4,24
2016-04-25,39.0326,22.9939,2016,4,25
2016-04-26,44.6827,24.0345,2016,4,26
2016-04-27,42.968999999999994,22.7553,2016,4,27
2016-04-28,42.6976,22.619,2016,4,28
2016-04-29,35.6069,21.1893,2016,4,29
2016-04-30,36.7541,23.3825,2016,4,30
2016-05-01,40.5153,21.5563,2016,5,1
2016-05-02,39.7599,24.4326,2016,5,2
2016-05-03,43.0291,24.0247,2016,5,3
2016-05-04,40.6309,25.6921,2016,5,4
2016-05-05,38.0581,24.2669,2016,5,5
2016-05-06,37.8361,24.9785,2016,5,6
2016-05-07,39.1455,22.901,2016,5,7
2016-05-08,37.8751,22.004,2016,5,8
2016-05-09,34.1288,23.3938,2016,5,9
2016-05-10,36.7338,22.3066,2016,5,10
2016-05-11,33.479,22.0265,2016,5,11
2016-05-12,31.3799,20.8004,2016,5,12
2016-05-13,32.0138,25.3091,2016,5,13
2016-05-14,40.6919,19.093,2016,5,14
2016-05-15,35.1443,23.139,2016,5,15
2016-05-16,35.9459,24.7927,2016,5,16
2016-05-17,37.5389,23.8034,2016,5,17
2016-05-18,35.4483,24.0096,2016,5,18
2016-05-19,35.4677,20.111,2016,5,19
2016-05-20,30.9601,18.9073,2016,5,20
2016-05-21,30.1407,18.8497,2016,5,21
2016-05-23,32.0637,20.7201,2016,5,23
2016-05-24,30.2904,18.3462,2016,5,24
2016-05-25,31.9885,22.0586,2016,5,25
2016-05-26,32.8773,19.5629,2016,5,26
2016-05-27,30.8459,21.0027,2016,5,27
2016-05-28,34.3957,15.7916,2016,5,28
2016-05-29,31.4306,22.0689,2016,5,29
2016-05-30,36.5163,23.2335,2016,5,30
2016-05-31,36.5799,24.9532,2016,5,31
2016-06-01,40.0265,25.2624,2016,6,1
2016-06-02,37.8428,23.8174,2016,6,2
2016-06-03,38.5141,24.1804,2016,6,3
2016-06-04,37.4641,23.410999999999998,2016,6,4
2016-06-05,35.8226,23.6862,2016,6,5
2016-06-06,34.8924,23.4643,2016,6,6
2016-06-07,34.5451,21.6444,2016,6,7
2016-06-08,28.8777,21.8684,2016,6,8
2016-06-09,32.1777,19.6812,2016,6,9
2016-06-10,31.5369,20.4732,2016,6,10
2016-06-11,30.2392,14.2504,2016,6,11
2016-06-12,25.4663,20.7253,2016,6,12
2016-06-13,30.5872,17.6577,2016,6,13
2016-06-14,24.7182,18.1283,2016,6,14
2016-06-15,31.9475,21.7253,2016,6,15
2016-06-16,29.0808,16.0788,2016,6,16
2016-06-17,27.8163,21.2751,2016,6,17
2016-06-18,30.454,19.444000000000003,2016,6,18
2016-06-19,26.1858,19.778,2016,6,19
2016-06-20,27.0088,17.0233,2016,6,20
2016-06-21,25.6619,21.951,2016,6,21
2016-06-22,31.9743,22.1505,2016,6,22
2016-06-23,26.5127,19.9073,2016,6,23
2016-06-24,28.1215,19.5499,2016,6,24
2016-06-25,28.8568,17.8038,2016,6,25
2016-06-26,26.2377,19.5243,2016,6,26
2016-06-27,29.1702,19.9121,2016,6,27
2016-06-28,29.3423,20.4944,2016,6,28
2016-06-29,28.4678,19.401,2016,6,29
2016-06-30,27.3568,22.658,2016,6,30
2016-07-01,31.983,22.2091,2016,7,1
2016-07-02,30.4858,21.8462,2016,7,2
2016-07-03,31.6928,22.8212,2016,7,3
2016-07-04,32.49,21.7709,2016,7,4
2016-07-05,34.7788,21.8937,2016,7,5
2016-07-06,30.3034,18.6889,2016,7,6
2016-07-07,28.083000000000002,22.2093,2016,7,7
2016-07-08,31.2687,17.3623,2016,7,8
2016-07-09,25.8197,20.9834,2016,7,9
2016-07-10,32.7626,21.8325,2016,7,10
2016-07-11,30.3472,21.151999999999997,2016,7,11
2016-07-12,26.3299,20.908,2016,7,12
2016-07-13,29.5806,20.0506,2016,7,13
2016-07-14,29.209,22.6853,2016,7,14
2016-07-15,30.9636,20.77,2016,7,15
2016-07-16,27.185,21.552,2016,7,16
2016-07-17,30.7508,21.1811,2016,7,17
2016-07-18,26.4302,18.2337,2016,7,18
2016-07-19,26.7527,23.263,2016,7,19
2016-07-21,31.5449,23.0335,2016,7,21
2016-07-22,31.3289,23.4628,2016,7,22
2016-07-23,34.5105,22.3962,2016,7,23
2016-07-24,29.9145,18.544,2016,7,24
2016-07-25,25.9548,20.2986,2016,7,25
2016-07-26,32.9719,21.9829,2016,7,26
2016-07-27,28.089000000000002,22.7564,2016,7,27
2016-07-28,31.1534,22.7367,2016,7,28
2016-07-29,32.1069,19.4633,2016,7,29
2016-07-30,25.3146,22.1649,2016,7,30
2016-07-31,30.5473,21.0409,2016,7,31
2016-08-01,27.6409,20.3731,2016,8,1
2016-08-02,28.8718,20.5549,2016,8,2
2016-08-03,28.7726,21.348000000000003,2016,8,3
2016-08-04,32.2928,23.7798,2016,8,4
2016-08-06,25.2196,20.7124,2016,8,6
2016-08-07,28.7054,20.1004,2016,8,7
2016-08-08,23.2775,19.3845,2016,8,8
2016-08-09,28.5629,20.7353,2016,8,9
2016-08-10,26.2916,22.5897,2016,8,10
2016-08-11,32.0388,21.3233,2016,8,11
2016-08-12,28.6635,18.7807,2016,8,12
2016-08-13,27.9417,20.0207,2016,8,13
2016-08-14,30.5648,18.5303,2016,8,14
2016-08-15,29.5823,23.0123,2016,8,15
2016-08-16,30.9036,22.5518,2016,8,16
2016-08-17,29.761,22.2766,2016,8,17
2016-08-18,30.459,20.947,2016,8,18
2016-08-19,30.1618,23.2359,2016,8,19
2016-08-20,27.6512,22.8155,2016,8,20
2016-08-21,30.0615,20.2242,2016,8,21
2016-08-22,26.9028,22.5174,2016,8,22
2016-08-23,31.9337,20.7863,2016,8,23
2016-08-24,32.0473,20.4061,2016,8,24
2016-08-25,28.5156,21.3555,2016,8,25
2016-08-26,24.2337,22.1076,2016,8,26
2016-08-27,28.0018,21.5301,2016,8,27
2016-08-28,28.8666,21.8241,2016,8,28
2016-08-29,29.1704,23.7278,2016,8,29
2016-08-30,29.8648,21.2644,2016,8,30
2016-08-31,23.2943,21.7765,2016,8,31
2016-09-01,29.6556,20.8832,2016,9,1
2016-09-02,27.197,22.8159,2016,9,2
2016-09-03,32.0257,21.5189,2016,9,3
2016-09-04,28.4702,24.6147,2016,9,4
2016-09-05,31.8839,23.1281,2016,9,5
2016-09-06,29.595,19.7875,2016,9,6
2016-09-07,30.6708,23.1225,2016,9,7
2016-09-08,31.6989,19.734,2016,9,8
2016-09-09,24.4984,16.7288,2016,9,9
2016-09-10,28.4934,20.763,2016,9,10
2016-09-11,29.1369,19.2303,2016,9,11
2016-09-12,29.4808,20.6156,2016,9,12
2016-09-13,28.3301,13.7833,2016,9,13
2016-09-14,29.2206,22.6793,2016,9,14
2016-09-15,30.901999999999997,21.1962,2016,9,15
2016-09-16,26.2796,21.9819,2016,9,16
2016-09-17,31.5267,21.1322,2016,9,17
2016-09-18,29.9836,22.6546,2016,9,18
2016-09-19,31.6923,16.9825,2016,9,19
2016-09-20,29.9158,17.3096,2016,9,20
2016-09-21,32.7034,22.5292,2016,9,21
2016-09-22,32.8184,20.1381,2016,9,22
2016-09-23,28.7516,22.6206,2016,9,23
2016-09-24,32.316,19.4327,2016,9,24
2016-09-25,28.122,19.81,2016,9,25
2016-09-26,28.3126,20.8771,2016,9,26
2016-09-27,31.2057,22.869,2016,9,27
2016-09-28,32.6826,20.8517,2016,9,28
2016-09-29,33.2847,21.7341,2016,9,29
2016-09-30,34.6299,23.5438,2016,9,30
2016-10-01,33.6969,20.3871,2016,10,1
2016-10-02,27.8858,22.8005,2016,10,2
2016-10-03,32.09,21.421,2016,10,3
2016-10-04,29.7743,22.2663,2016,10,4
2016-10-05,32.219,23.1138,2016,10,5
2016-10-06,30.1184,22.0952,2016,10,6
2016-10-07,35.5472,21.3938,2016,10,7
2016-10-08,32.8222,19.9102,2016,10,8
2016-10-09,35.1011,22.7908,2016,10,9
2016-10-10,35.3438,21.0097,2016,10,10
2016-10-11,32.2189,24.4807,2016,10,11
2016-10-12,33.5049,23.8972,2016,10,12
2016-10-13,33.6526,22.4034,2016,10,13
2016-10-14,35.7651,21.8162,2016,10,14
2016-10-15,35.4892,21.6406,2016,10,15
2016-10-16,34.8672,22.0837,2016,10,16
2016-10-17,36.01,21.4517,2016,10,17
2016-10-18,31.2499,21.69,2016,10,18
2016-10-19,32.0731,19.7366,2016,10,19
2016-10-20,31.456,20.9592,2016,10,20
2016-10-21,35.0636,20.3667,2016,10,21
2016-10-22,32.7782,17.1806,2016,10,22
2016-10-23,34.4646,19.715999999999998,2016,10,23
2016-10-24,34.4237,16.9259,2016,10,24
2016-10-25,31.7583,21.3137,2016,10,25
2016-10-26,33.984,19.467,2016,10,26
2016-10-27,29.9526,20.0551,2016,10,27
2016-10-28,34.0508,18.679000000000002,2016,10,28
2016-10-29,33.4912,18.6842,2016,10,29
2016-10-30,34.236999999999995,20.149,2016,10,30
2016-10-31,34.335,21.2497,2016,10,31
2016-11-01,35.216,21.5694,2016,11,1
2016-11-02,35.4221,17.9956,2016,11,2
2016-11-03,30.9797,20.3862,2016,11,3
2016-11-04,32.8695,18.3108,2016,11,4
2016-11-05,29.9321,19.3177,2016,11,5
2016-11-06,31.9936,19.0477,2016,11,6
2016-11-07,31.4211,17.924,2016,11,7
2016-11-08,33.9802,20.1465,2016,11,8
2016-11-09,36.5489,18.4508,2016,11,9
2016-11-10,34.6774,19.6291,2016,11,10
2016-11-11,36.7597,17.7836,2016,11,11
2016-11-12,31.7684,19.2412,2016,11,12
2016-11-13,36.0453,19.145,2016,11,13
2016-11-14,34.044000000000004,18.512999999999998,2016,11,14
2016-11-15,34.62,19.9538,2016,11,15
2016-11-16,35.0579,18.6321,2016,11,16
2016-11-17,32.2983,20.636999999999997,2016,11,17
2016-11-18,36.0118,19.6906,2016,11,18
2016-11-19,34.3239,20.205,2016,11,19
2016-11-20,36.6404,19.5648,2016,11,20
2016-11-21,36.8746,19.4471,2016,11,21
2016-11-22,36.0412,21.1221,2016,11,22
2016-11-23,36.161,20.7769,2016,11,23
2016-11-24,36.455,21.0054,2016,11,24
2016-11-25,37.7317,19.3563,2016,11,25
2016-11-26,35.4156,20.1593,2016,11,26
2016-11-27,37.0896,17.5488,2016,11,27
2016-11-28,36.0523,18.8072,2016,11,28
2016-11-29,36.7209,20.3926,2016,11,29
2016-11-30,35.8617,20.0172,2016,11,30
2016-12-01,36.4268,20.4992,2016,12,1
2016-12-02,35.9017,18.8533,2016,12,2
2016-12-03,31.4225,18.9973,2016,12,3
2016-12-04,33.3575,13.147,2016,12,4
2016-12-05,31.3623,18.4256,2016,12,5
2016-12-06,36.0683,17.1202,2016,12,6
2016-12-07,33.8004,18.098,2016,12,7
2016-12-08,34.0091,18.3846,2016,12,8
2016-12-09,34.9069,16.9203,2016,12,9
2016-12-10,35.0371,19.057000000000002,2016,12,10
2016-12-11,34.8902,13.5888,2016,12,11
2016-12-12,31.9953,18.2512,2016,12,12
2016-12-13,33.6643,16.761,2016,12,13
2016-12-14,30.4896,17.179000000000002,2016,12,14
2016-12-15,31.3892,18.8864,2016,12,15
2016-12-16,32.592,20.8006,2016,12,16
2016-12-17,32.663000000000004,18.4596,2016,12,17
2016-12-18,35.0137,16.1621,2016,12,18
2016-12-19,31.255,18.4038,2016,12,19
2016-12-20,32.7178,19.2757,2016,12,20
2016-12-21,30.2206,19.805999999999997,2016,12,21
2016-12-22,33.5465,18.1778,2016,12,22
2016-12-23,33.6001,17.0452,2016,12,23
2016-12-24,31.296,17.7342,2016,12,24
2016-12-25,30.9269,16.1867,2016,12,25
2016-12-26,26.7311,17.2706,2016,12,26
2016-12-27,28.1324,14.3489,2016,12,27
2016-12-28,26.6972,17.4608,2016,12,28
2016-12-29,30.5536,15.8934,2016,12,29
2016-12-30,30.3285,16.9916,2016,12,30
2016-12-31,31.3106,17.2902,2016,12,31
2017-01-01,29.4867,15.7313,2017,1,1
2017-01-02,29.4836,18.0381,2017,1,2
2017-01-03,31.468000000000004,16.4803,2017,1,3
2017-01-04,29.263,18.2527,2017,1,4
2017-01-05,31.9387,16.1776,2017,1,5
2017-01-06,30.053,17.0708,2017,1,6
2017-01-07,30.4555,16.942999999999998,2017,1,7
2017-01-08,31.6023,16.6338,2017,1,8
2017-01-09,31.0598,15.0756,2017,1,9
2017-01-10,33.3955,14.2187,2017,1,10
2017-01-11,30.2876,19.8443,2017,1,11
2017-01-12,33.945,13.9762,2017,1,12
2017-01-13,30.9998,19.4276,2017,1,13
2017-01-14,31.555999999999997,13.8557,2017,1,14
2017-01-15,29.8391,16.4165,2017,1,15
2017-01-16,32.6126,17.6961,2017,1,16
2017-01-17,33.0042,17.5464,2017,1,17
2017-01-18,32.8787,19.2194,2017,1,18
2017-01-19,36.1434,16.1389,2017,1,19
2017-01-20,28.4957,19.8439,2017,1,20
2017-01-21,36.3178,17.4646,2017,1,21
2017-01-22,33.796,20.6515,2017,1,22
2017-01-24,32.7502,20.147000000000002,2017,1,24
2017-01-25,34.4865,18.4547,2017,1,25
2017-01-26,35.3629,18.7339,2017,1,26
2017-01-27,31.3818,18.3707,2017,1,27
2017-01-28,32.8414,15.6494,2017,1,28
2017-01-29,30.4178,20.3778,2017,1,29
2017-01-30,35.6331,17.2097,2017,1,30
2017-01-31,32.5639,16.8793,2017,1,31
2017-02-01,33.6427,18.2944,2017,2,1
2017-02-02,32.957,18.5488,2017,2,2
2017-02-03,29.2093,20.7476,2017,2,3
2017-02-04,33.3138,16.968,2017,2,4
2017-02-05,32.5449,19.8298,2017,2,5
2017-02-06,34.7647,17.5321,2017,2,6
2017-02-07,31.3178,18.8889,2017,2,7
2017-02-08,34.908,18.3989,2017,2,8
2017-02-09,33.0848,19.6504,2017,2,9
2017-02-10,33.6524,18.7853,2017,2,10
2017-02-11,37.0037,17.3527,2017,2,11
2017-02-12,34.4191,20.1089,2017,2,12
2017-02-13,35.928000000000004,17.857,2017,2,13
2017-02-14,31.9503,20.0462,2017,2,14
2017-02-15,32.6083,17.5429,2017,2,15
2017-02-16,28.563000000000002,16.6474,2017,2,16
2017-02-17,28.0033,15.8918,2017,2,17
2017-02-18,30.8639,13.3169,2017,2,18
2017-02-19,28.021,17.3524,2017,2,19
2017-02-20,33.2656,16.3088,2017,2,20
2017-02-21,30.686999999999998,20.4113,2017,2,21
2017-02-22,35.258,18.2378,2017,2,22
2017-02-23,29.768,21.6087,2017,2,23
2017-02-24,33.1756,19.3087,2017,2,24
2017-02-25,32.779,18.809,2017,2,25
2017-02-26,37.4992,17.4641,2017,2,26
2017-02-27,39.363,17.428,2017,2,27
2017-02-28,40.3099,19.6403,2017,2,28
2017-03-01,41.5585,17.4253,2017,3,1
2017-03-02,37.8586,22.1668,2017,3,2
2017-03-03,42.7714,17.0997,2017,3,3
2017-03-04,39.2569,21.7014,2017,3,4
2017-03-05,42.3239,20.3295,2017,3,5
2017-03-06,40.3235,18.0988,2017,3,6
2017-03-07,35.3518,19.4563,2017,3,7
2017-03-08,38.1306,16.0847,2017,3,8
2017-03-09,34.6171,20.2316,2017,3,9
2017-03-10,37.3752,15.5822,2017,3,10
2017-03-11,34.5856,18.6903,2017,3,11
2017-03-12,37.7854,16.8972,2017,3,12
2017-03-13,38.6136,20.7171,2017,3,13
2017-03-14,38.0463,19.9329,2017,3,14
2017-03-15,40.2766,17.4241,2017,3,15
2017-03-17,44.11,18.5344,2017,3,17
2017-03-18,39.8514,23.9259,2017,3,18
2017-03-19,39.8746,18.8337,2017,3,19
2017-03-20,34.5242,21.3743,2017,3,20
2017-03-21,41.1008,20.0745,2017,3,21
2017-03-22,43.0736,22.1598,2017,3,22
2017-03-23,40.0499,21.031,2017,3,23
2017-03-24,35.6707,19.3752,2017,3,24
2017-03-26,43.6712,20.8671,2017,3,26
2017-03-27,38.7024,21.1848,2017,3,27
2017-03-28,38.2715,21.5174,2017,3,28
2017-03-29,42.5538,20.7107,2017,3,29
2017-03-30,43.9611,19.4722,2017,3,30
2017-03-31,43.2971,19.5257,2017,3,31
2017-04-01,37.7565,23.1828,2017,4,1
2017-04-02,38.2148,17.9909,2017,4,2
2017-04-03,33.0235,21.6002,2017,4,3
2017-04-04,40.0267,18.56,2017,4,4
2017-04-05,38.1015,22.3727,2017,4,5
2017-04-06,39.5448,16.5277,2017,4,6
2017-04-07,34.3302,22.4521,2017,4,7
2017-04-08,39.7557,23.8739,2017,4,8
2017-04-09,36.981,22.5002,2017,4,9
2017-04-10,31.4883,25.0346,2017,4,10
2017-04-11,36.4239,20.3591,2017,4,11
2017-04-12,35.7229,23.5512,2017,4,12
2017-04-13,36.7113,17.3867,2017,4,13
2017-04-14,31.2573,23.1682,2017,4,14
2017-04-15,31.6295,19.6665,2017,4,15
2017-04-16,36.6768,19.6195,2017,4,16
2017-04-17,33.4899,22.9889,2017,4,17
2017-04-18,39.2867,18.0659,2017,4,18
2017-04-19,35.7904,22.7676,2017,4,19
2017-04-20,39.1262,18.0826,2017,4,20
2017-04-21,31.9163,21.3541,2017,4,21
2017-04-22,40.8649,21.6392,2017,4,22
2017-04-23,41.6504,22.3268,2017,4,23
2017-04-25,38.4946,20.6129,2017,4,25
2017-04-26,36.6565,24.3521,2017,4,26
2017-04-27,40.2001,22.3306,2017,4,27
2017-04-28,38.4435,24.4548,2017,4,28
2017-04-29,42.0151,22.4928,2017,4,29
2017-04-30,38.7925,23.6584,2017,4,30
2017-05-01,40.6161,21.6922,2017,5,1
2017-05-02,40.5518,21.9673,2017,5,2
2017-05-03,43.6671,24.5451,2017,5,3
2017-05-04,36.255,20.402,2017,5,4
2017-05-05,35.3797,24.5319,2017,5,5
2017-05-06,38.4172,17.4991,2017,5,6
2017-05-07,26.183000000000003,22.1797,2017,5,7
2017-05-08,37.3473,23.5975,2017,5,8
2017-05-09,39.4032,22.3093,2017,5,9
2017-05-10,37.5364,22.9023,2017,5,10
2017-05-11,37.5011,24.6965,2017,5,11
2017-05-12,41.8907,23.8959,2017,5,12
2017-05-13,39.1902,20.8127,2017,5,13
2017-05-14,37.0235,25.1312,2017,5,14
2017-05-15,38.121,21.8573,2017,5,15
2017-05-16,32.0948,23.4442,2017,5,16
2017-05-17,37.2241,23.491,2017,5,17
2017-05-18,31.9633,24.4328,2017,5,18
2017-05-19,35.1696,22.7044,2017,5,19
2017-05-20,35.0613,20.803,2017,5,20
2017-05-21,31.0882,23.3448,2017,5,21
2017-05-22,32.3237,21.0765,2017,5,22
2017-05-23,32.4999,24.4834,2017,5,23
2017-05-24,39.6374,25.4356,2017,5,24
2017-05-25,36.6599,24.9488,2017,5,25
2017-05-26,37.1001,20.5997,2017,5,26
2017-05-27,34.3439,20.2214,2017,5,27
2017-05-28,33.7089,24.6287,2017,5,28
2017-05-29,36.164,21.2162,2017,5,29
2017-05-30,30.8762,22.7397,2017,5,30
2017-05-31,32.9214,15.8009,2017,5,31
2017-06-01,29.84,21.3966,2017,6,1
2017-06-02,35.0521,21.1091,2017,6,2
2017-06-03,30.599,16.8954,2017,6,3
2017-06-04,32.0153,22.0735,2017,6,4
2017-06-05,33.4134,21.8991,2017,6,5
2017-06-06,32.2876,24.0507,2017,6,6
2017-06-07,27.8368,20.5951,2017,6,7
2017-06-08,29.4817,21.8655,2017,6,8
2017-06-09,31.3958,21.5743,2017,6,9
2017-06-10,29.3372,15.6051,2017,6,10
2017-06-11,28.2988,18.07,2017,6,11
2017-06-12,29.4384,20.796,2017,6,12
2017-06-14,32.598,19.4121,2017,6,14
2017-06-15,24.9784,22.9658,2017,6,15
2017-06-16,31.7447,15.6394,2017,6,16
2017-06-17,27.9787,21.0777,2017,6,17
2017-06-18,32.4349,23.8923,2017,6,18
2017-06-19,33.5797,22.8082,2017,6,19
2017-06-20,30.6785,22.3994,2017,6,20
2017-06-21,31.125999999999998,15.3446,2017,6,21
2017-06-22,25.3732,21.3238,2017,6,22
2017-06-23,32.5003,21.6845,2017,6,23
2017-06-24,25.4241,20.8998,2017,6,24
2017-06-25,34.164,16.342,2017,6,25
2017-06-26,26.7051,21.7037,2017,6,26
2017-06-27,33.3415,21.5343,2017,6,27
2017-06-28,28.1919,17.6955,2017,6,28
2017-06-29,36.7392,23.5611,2017,6,29
2017-06-30,33.9065,21.4805,2017,6,30
2017-07-01,24.1903,21.2107,2017,7,1
2017-07-02,30.4439,21.4778,2017,7,2
2017-07-03,31.2138,21.8808,2017,7,3
2017-07-04,31.9218,21.6709,2017,7,4
2017-07-05,30.3325,15.0538,2017,7,5
2017-07-06,25.4759,19.0158,2017,7,6
2017-07-07,27.3309,15.4515,2017,7,7
2017-07-08,25.6882,21.6256,2017,7,8
2017-07-09,25.861,19.3262,2017,7,9
2017-07-10,24.2107,19.7457,2017,7,10
2017-07-11,29.5549,21.8049,2017,7,11
2017-07-12,29.0566,23.1004,2017,7,12
2017-07-13,31.8968,20.3298,2017,7,13
2017-07-14,30.0406,18.4114,2017,7,14
2017-07-15,27.6986,22.2428,2017,7,15
2017-07-16,31.3777,21.5578,2017,7,16
2017-07-17,23.4661,20.1802,2017,7,17
2017-07-18,28.9875,19.1405,2017,7,18
2017-07-19,30.3609,23.8191,2017,7,19
2017-07-20,33.6028,23.4874,2017,7,20
2017-07-21,32.2486,22.3776,2017,7,21
2017-07-22,27.6183,21.9555,2017,7,22
2017-07-23,30.6629,20.0336,2017,7,23
2017-07-24,27.6464,21.0244,2017,7,24
2017-07-25,30.8549,21.8775,2017,7,25
2017-07-26,29.061999999999998,22.4848,2017,7,26
2017-07-27,29.8906,19.1531,2017,7,27
2017-07-28,30.5288,21.199,2017,7,28
2017-07-29,31.0771,22.2731,2017,7,29
2017-07-30,28.3179,22.8092,2017,7,30
2017-07-31,34.3253,23.0205,2017,7,31
2017-08-01,31.4562,20.1695,2017,8,1
2017-08-02,27.8776,22.7445,2017,8,2
2017-08-03,29.9965,20.6789,2017,8,3
2017-08-05,31.659000000000002,22.1495,2017,8,5
2017-08-06,28.839000000000002,15.5936,2017,8,6
2017-08-07,25.7372,21.2826,2017,8,7
2017-08-08,28.241999999999997,18.6365,2017,8,8
2017-08-09,23.9062,20.949,2017,8,9
2017-08-10,28.9659,19.7982,2017,8,10
2017-08-11,26.6059,21.7664,2017,8,11
2017-08-12,29.4042,20.7671,2017,8,12
2017-08-13,30.6974,21.839000000000002,2017,8,13
2017-08-14,26.6349,19.5895,2017,8,14
2017-08-15,26.8357,18.0432,2017,8,15
2017-08-16,24.3215,18.662,2017,8,16
2017-08-17,26.732,17.9954,2017,8,17
2017-08-18,27.3196,21.1788,2017,8,18
2017-08-19,29.0176,20.7323,2017,8,19
2017-08-20,28.0737,19.2546,2017,8,20
2017-08-21,27.6148,19.4659,2017,8,21
2017-08-22,26.6989,22.4022,2017,8,22
2017-08-24,29.0747,21.4188,2017,8,24
2017-08-25,25.0591,23.3207,2017,8,25
2017-08-26,31.1423,16.5622,2017,8,26
2017-08-27,28.1357,22.3076,2017,8,27
2017-08-28,31.0008,21.6388,2017,8,28
2017-08-29,31.713,19.8209,2017,8,29
2017-08-30,26.8648,19.0882,2017,8,30
2017-08-31,26.9595,20.219,2017,8,31
2017-09-01,29.1794,22.3995,2017,9,1
2017-09-02,30.3938,19.4253,2017,9,2
2017-09-03,26.4301,21.1791,2017,9,3
2017-09-04,27.8601,20.4016,2017,9,4
2017-09-05,29.0554,19.4502,2017,9,5
2017-09-06,32.3656,18.7796,2017,9,6
2017-09-07,30.4335,24.2821,2017,9,7
2017-09-08,32.5666,21.8485,2017,9,8
2017-09-09,31.4618,21.2444,2017,9,9
2017-09-10,30.584,23.3814,2017,9,10
2017-09-11,30.2223,19.6144,2017,9,11
2017-09-12,28.0092,21.87,2017,9,12
2017-09-13,29.7911,20.3801,2017,9,13
2017-09-14,27.1398,23.0851,2017,9,14
2017-09-15,27.4738,19.7604,2017,9,15
2017-09-16,25.5378,19.6407,2017,9,16
2017-09-17,26.9618,20.7532,2017,9,17
2017-09-18,29.7225,20.3631,2017,9,18
2017-09-19,29.7578,22.0522,2017,9,19
2017-09-20,32.714,20.3962,2017,9,20
2017-09-21,30.4802,23.5021,2017,9,21
2017-09-22,30.1502,21.6508,2017,9,22
2017-09-23,31.7054,21.6847,2017,9,23
2017-09-24,30.9687,21.6287,2017,9,24
2017-09-25,29.5742,19.6468,2017,9,25
2017-09-26,30.4683,22.4495,2017,9,26
2017-09-27,33.0462,21.0263,2017,9,27
2017-09-28,31.3956,24.2055,2017,9,28
2017-09-29,32.1856,22.2756,2017,9,29
2017-09-30,32.2482,22.701,2017,9,30
2017-10-01,33.7028,22.5939,2017,10,1
2017-10-02,33.5714,21.4205,2017,10,2
2017-10-03,27.1635,22.3843,2017,10,3
2017-10-04,32.5792,20.3192,2017,10,4
2017-10-05,32.5252,21.4052,2017,10,5
2017-10-06,33.0297,21.0107,2017,10,6
2017-10-07,31.1978,22.9187,2017,10,7
2017-10-08,34.9844,18.7858,2017,10,8
2017-10-09,33.2104,18.7405,2017,10,9
2017-10-10,33.0349,21.6354,2017,10,10
2017-10-11,29.302,15.7723,2017,10,11
2017-10-12,31.4377,20.6014,2017,10,12
2017-10-13,34.1474,16.3946,2017,10,13
2017-10-14,30.3354,19.0878,2017,10,14
2017-10-15,32.8949,19.8516,2017,10,15
2017-10-16,29.6355,19.9597,2017,10,16
2017-10-17,31.7709,19.3214,2017,10,17
2017-10-18,33.3083,17.4419,2017,10,18
2017-10-19,33.333,20.0606,2017,10,19
2017-10-20,36.1219,18.1056,2017,10,20
2017-10-21,33.6429,20.1307,2017,10,21
2017-10-22,36.7219,15.8115,2017,10,22
2017-10-23,33.3701,19.5229,2017,10,23
2017-10-24,37.3205,18.4713,2017,10,24
2017-10-25,37.1002,16.8852,2017,10,25
2017-10-26,36.1646,19.8376,2017,10,26
2017-10-27,33.8612,16.5009,2017,10,27
2017-10-28,30.0987,21.0624,2017,10,28
2017-10-29,32.9545,18.5481,2017,10,29
2017-10-30,32.3941,18.9004,2017,10,30
2017-10-31,35.9565,17.4197,2017,10,31
2017-11-01,36.1504,18.9699,2017,11,1
2017-11-02,36.3197,19.5408,2017,11,2
2017-11-03,35.2447,17.5767,2017,11,3
2017-11-04,32.6333,20.8688,2017,11,4
2017-11-05,35.3796,17.4023,2017,11,5
2017-11-06,32.6716,18.3441,2017,11,6
2017-11-07,36.266999999999996,17.3161,2017,11,7
2017-11-08,34.1537,18.6377,2017,11,8
2017-11-09,34.6938,19.6978,2017,11,9
2017-11-10,34.6922,16.8165,2017,11,10
2017-11-11,34.3184,19.0872,2017,11,11
2017-11-12,37.2422,15.1913,2017,11,12
2017-11-13,32.1606,18.9368,2017,11,13
2017-11-14,37.6937,16.3254,2017,11,14
2017-11-15,36.1078,19.0951,2017,11,15
2017-11-16,36.897,19.0797,2017,11,16
2017-11-17,37.741,19.9892,2017,11,17
2017-11-18,36.0548,18.9972,2017,11,18
2017-11-19,37.8421,16.8472,2017,11,19
2017-11-20,37.9014,20.6506,2017,11,20
2017-11-21,37.0415,18.1064,2017,11,21
2017-11-22,33.2306,19.5851,2017,11,22
2017-11-23,34.8533,14.4694,2017,11,23
2017-11-24,30.6177,16.2911,2017,11,24
2017-11-25,33.3672,17.128,2017,11,25
2017-11-26,34.452,15.2775,2017,11,26
2017-11-27,32.7825,18.2841,2017,11,27
2017-11-28,35.9427,15.8549,2017,11,28
2017-11-29,33.6768,18.6141,2017,11,29
2017-11-30,35.7137,17.474,2017,11,30
2017-12-01,34.0679,16.9229,2017,12,1
2017-12-02,35.1309,16.9412,2017,12,2
2017-12-03,35.2207,15.6682,2017,12,3
2017-12-04,34.2499,18.4297,2017,12,4
2017-12-05,36.9538,14.6405,2017,12,5
2017-12-06,32.811,19.6197,2017,12,6
2017-12-07,32.3234,13.8033,2017,12,7
2017-12-08,27.5355,18.7188,2017,12,8
2017-12-09,30.5328,14.8753,2017,12,9
2017-12-10,30.9963,14.9688,2017,12,10
2017-12-11,30.826999999999998,17.3947,2017,12,11
2017-12-12,33.0678,18.4484,2017,12,12
2017-12-13,34.6911,19.1761,2017,12,13
2017-12-14,35.5029,16.3242,2017,12,14
2017-12-15,30.337,19.2189,2017,12,15
2017-12-16,34.9884,15.8709,2017,12,16
2017-12-17,31.9879,16.5567,2017,12,17
2017-12-18,35.1766,19.0655,2017,12,18
2017-12-19,33.1643,16.9081,2017,12,19
2017-12-20,36.5786,18.5532,2017,12,20
2017-12-21,36.4599,16.7402,2017,12,21
2017-12-22,33.6108,18.9977,2017,12,22
2017-12-23,31.6283,13.6925,2017,12,23
2017-12-24,26.9891,16.6914,2017,12,24
2017-12-25,27.8854,17.8047,2017,12,25
2017-12-26,26.6221,17.574,2017,12,26
2017-12-27,29.3512,17.6419,2017,12,27
2017-12-28,33.1086,14.8695,2017,12,28
2017-12-29,28.2794,18.5475,2017,12,29
2017-12-30,33.1142,16.502,2017,12,30
2017-12-31,27.8106,18.2807,2017,12,31
2018-01-01,27.1605,15.052999999999999,2018,1,1
2018-01-02,23.6007,16.102,2018,1,2
2018-01-03,28.9265,16.6954,2018,1,3
2018-01-04,31.4229,15.3475,2018,1,4
2018-01-05,27.8462,15.922,2018,1,5
2018-01-06,31.803,14.4257,2018,1,6
2018-01-07,29.9738,17.402,2018,1,7
2018-01-08,34.2898,16.3634,2018,1,8
2018-01-09,32.6667,17.3764,2018,1,9
2018-01-10,34.579,16.9079,2018,1,10
2018-01-11,31.9044,13.9371,2018,1,11
2018-01-12,33.0244,14.869000000000002,2018,1,12
2018-01-13,32.7867,12.6757,2018,1,13
2018-01-14,31.3468,16.651,2018,1,14
2018-01-15,32.6198,15.5449,2018,1,15
2018-01-16,27.7919,18.736,2018,1,16
2018-01-17,33.0687,16.2692,2018,1,17
2018-01-18,32.9749,16.5987,2018,1,18
2018-01-19,34.0444,16.3189,2018,1,19
2018-01-20,33.8274,14.3181,2018,1,20
2018-01-21,32.8633,16.7227,2018,1,21
2018-01-22,33.9854,15.1632,2018,1,22
2018-01-23,28.6098,16.8517,2018,1,23
2018-01-24,29.6015,13.6787,2018,1,24
2018-01-25,28.8575,15.7037,2018,1,25
2018-01-26,30.4143,15.9298,2018,1,26
2018-01-27,28.8633,15.9709,2018,1,27
2018-01-28,30.3604,17.6893,2018,1,28
2018-01-29,30.9416,15.1631,2018,1,29
2018-01-30,27.2391,18.1321,2018,1,30
2018-01-31,31.4554,17.2446,2018,1,31
2018-02-01,28.7468,19.5693,2018,2,1
2018-02-02,33.9395,18.8778,2018,2,2
2018-02-03,33.1456,19.4601,2018,2,3
2018-02-04,37.2936,20.5898,2018,2,4
2018-02-05,37.6528,19.8036,2018,2,5
2018-02-06,38.6772,20.4116,2018,2,6
2018-02-07,40.1412,16.5425,2018,2,7
2018-02-08,36.541,19.767,2018,2,8
2018-02-09,40.9213,16.2892,2018,2,9
2018-02-10,36.9107,22.1561,2018,2,10
2018-02-11,40.6486,16.9559,2018,2,11
2018-02-12,36.6899,19.8329,2018,2,12
2018-02-13,33.6213,19.764,2018,2,13
2018-02-14,36.5656,20.9328,2018,2,14
2018-02-15,31.265,22.3248,2018,2,15
2018-02-16,37.2705,19.5203,2018,2,16
2018-02-17,33.8567,20.9533,2018,2,17
2018-02-18,34.3404,19.4331,2018,2,18
2018-02-19,33.3038,21.3546,2018,2,19
2018-02-20,37.5264,19.9835,2018,2,20
2018-02-21,38.4261,20.7466,2018,2,21
2018-02-22,37.4261,23.3194,2018,2,22
2018-02-23,37.124,21.3994,2018,2,23
2018-02-24,39.0687,23.4836,2018,2,24
2018-02-25,39.5107,16.2406,2018,2,25
2018-02-26,36.7162,22.1968,2018,2,26
2018-02-27,38.2063,17.9382,2018,2,27
2018-02-28,39.6024,20.0501,2018,2,28
2018-03-01,39.6839,19.4925,2018,3,1
2018-03-02,37.8651,18.0981,2018,3,2
2018-03-03,40.8323,21.5162,2018,3,3
2018-03-04,42.5623,18.6227,2018,3,4
2018-03-05,39.7943,22.3817,2018,3,5
2018-03-06,42.9606,18.974,2018,3,6
2018-03-07,41.4499,22.3744,2018,3,7
2018-03-08,40.5199,17.6129,2018,3,8
2018-03-09,40.0484,19.8714,2018,3,9
2018-03-10,43.0179,20.4212,2018,3,10
2018-03-11,43.1899,18.8685,2018,3,11
2018-03-12,38.2741,23.0157,2018,3,12
2018-03-13,39.4513,18.3413,2018,3,13
2018-03-14,34.265,20.8215,2018,3,14
2018-03-15,42.6843,18.9398,2018,3,15
2018-03-16,40.9494,20.4312,2018,3,16
2018-03-17,41.2973,18.8609,2018,3,17
2018-03-18,40.8345,17.5939,2018,3,18
2018-03-19,40.5114,21.1474,2018,3,19
2018-03-20,43.1681,17.4346,2018,3,20
2018-03-21,40.5316,21.6138,2018,3,21
2018-03-22,41.6788,19.6266,2018,3,22
2018-03-23,35.5702,20.2592,2018,3,23
2018-03-24,34.4612,19.0772,2018,3,24
2018-03-25,35.0616,20.3372,2018,3,25
2018-03-26,36.5114,20.669,2018,3,26
2018-03-27,39.9759,15.7026,2018,3,27
2018-03-28,34.6534,21.5715,2018,3,28
2018-03-29,32.2087,14.1738,2018,3,29
2018-03-30,22.0553,20.8096,2018,3,30
2018-03-31,28.7815,17.5175,2018,3,31
2018-04-01,31.748,18.11,2018,4,1
2018-04-02,33.658,17.1491,2018,4,2
2018-04-03,36.7666,20.369,2018,4,3
2018-04-04,34.1694,21.5428,2018,4,4
2018-04-05,35.2752,15.4884,2018,4,5
2018-04-06,31.5767,21.0556,2018,4,6
2018-04-07,36.9417,16.7828,2018,4,7
2018-04-08,32.564,20.6913,2018,4,8
2018-04-09,39.7325,15.6859,2018,4,9
2018-04-10,36.7204,21.3896,2018,4,10
2018-04-11,37.5932,22.4582,2018,4,11
2018-04-12,39.6533,15.1891,2018,4,12
2018-04-13,35.0295,24.3085,2018,4,13
2018-04-14,40.312,20.2804,2018,4,14
2018-04-15,34.1134,22.2488,2018,4,15
2018-04-16,39.2873,21.3019,2018,4,16
2018-04-17,40.6905,21.3253,2018,4,17
2018-04-18,39.6236,24.1094,2018,4,18
2018-04-19,40.787,18.1394,2018,4,19
2018-04-20,34.6962,19.4162,2018,4,20
2018-04-21,37.3646,20.5894,2018,4,21
2018-04-22,34.6162,24.1332,2018,4,22
2018-04-23,40.1606,20.8569,2018,4,23
2018-04-24,36.5878,24.0852,2018,4,24
2018-04-25,34.2816,20.9059,2018,4,25
2018-04-26,32.3143,21.5624,2018,4,26
2018-04-27,37.7098,19.0237,2018,4,27
2018-04-28,36.5935,22.813000000000002,2018,4,28
2018-04-29,38.9911,25.128,2018,4,29
2018-04-30,40.4455,23.1347,2018,4,30
2018-05-01,35.3521,26.7235,2018,5,1
2018-05-02,38.5038,26.0636,2018,5,2
2018-05-03,29.5018,24.1377,2018,5,3
2018-05-04,35.0495,24.3536,2018,5,4
2018-05-05,43.4926,21.5232,2018,5,5
2018-05-06,36.4345,24.8713,2018,5,6
2018-05-07,40.0038,20.6305,2018,5,7
2018-05-08,34.9975,23.0115,2018,5,8
2018-05-09,39.3077,25.1204,2018,5,9
2018-05-10,35.1842,23.978,2018,5,10
2018-05-11,37.5257,21.4617,2018,5,11
2018-05-12,35.2549,15.3871,2018,5,12
2018-05-13,33.7661,20.7833,2018,5,13
2018-05-14,37.7119,10.8306,2018,5,14
2018-05-15,27.0059,18.6493,2018,5,15
2018-05-16,29.8515,18.0661,2018,5,16
2018-05-17,30.5042,18.4629,2018,5,17
2018-05-18,30.4794,20.4157,2018,5,18
2018-05-19,28.7613,23.9546,2018,5,19
2018-05-20,36.5124,22.3313,2018,5,20
2018-05-21,33.6496,25.3222,2018,5,21
2018-05-22,38.4778,22.276,2018,5,22
2018-05-23,36.9154,24.089000000000002,2018,5,23
2018-05-24,33.3878,23.4234,2018,5,24
2018-05-25,35.0699,19.6399,2018,5,25
2018-05-26,27.8651,23.7082,2018,5,26
2018-05-27,36.2251,21.5761,2018,5,27
2018-05-28,30.7013,16.1155,2018,5,28
2018-05-29,31.1771,20.0279,2018,5,29
2018-05-30,33.7193,20.7693,2018,5,30
2018-05-31,32.9942,22.6595,2018,5,31
2018-06-01,34.7523,20.7848,2018,6,1
2018-06-02,36.021,23.2279,2018,6,2
2018-06-03,36.9183,21.4596,2018,6,3
2018-06-04,35.4223,24.3136,2018,6,4
2018-06-05,35.4611,22.4392,2018,6,5
2018-06-06,30.896,23.016,2018,6,6
2018-06-07,33.5039,24.4667,2018,6,7
2018-06-08,35.3982,21.9373,2018,6,8
2018-06-09,33.5556,25.5033,2018,6,9
2018-06-10,34.7003,20.4739,2018,6,10
2018-06-11,33.4744,22.7536,2018,6,11
2018-06-12,34.2595,22.8369,2018,6,12
2018-06-13,33.4104,25.2343,2018,6,13
2018-06-14,33.4615,21.5587,2018,6,14
2018-06-15,32.2329,22.6667,2018,6,15
2018-06-16,28.6357,18.5688,2018,6,16
2018-06-17,26.8678,15.8376,2018,6,17
2018-06-18,26.1226,21.2542,2018,6,18
2018-06-19,27.9438,19.772000000000002,2018,6,19
2018-06-20,21.9123,21.5795,2018,6,20
2018-06-21,31.6869,20.6324,2018,6,21
2018-06-22,29.3515,19.4583,2018,6,22
2018-06-23,29.9036,19.1032,2018,6,23
2018-06-24,26.7051,15.1273,2018,6,24
2018-06-25,24.5841,20.2634,2018,6,25
2018-06-26,28.0961,18.1553,2018,6,26
2018-06-27,27.3617,22.2085,2018,6,27
2018-06-28,30.9157,19.3715,2018,6,28
2018-06-29,25.0658,21.127,2018,6,29
2018-06-30,32.9075,19.9793,2018,6,30
2018-07-01,27.8197,20.8344,2018,7,1
2018-07-02,25.3645,21.021,2018,7,2
2018-07-03,30.8844,18.5842,2018,7,3
2018-07-04,27.3254,22.8811,2018,7,4
2018-07-05,33.2909,20.9285,2018,7,5
2018-07-06,23.2045,20.3051,2018,7,6
2018-07-07,28.0744,21.0182,2018,7,7
2018-07-08,27.5287,21.2247,2018,7,8
2018-07-09,28.7261,20.3849,2018,7,9
2018-07-10,28.5094,21.4549,2018,7,10
2018-07-11,23.7919,22.7659,2018,7,11
2018-07-12,28.3629,18.5038,2018,7,12
2018-07-13,24.3057,21.1414,2018,7,13
2018-07-14,27.6426,19.3753,2018,7,14
2018-07-15,27.695,23.7338,2018,7,15
2018-07-16,31.6009,21.6531,2018,7,16
2018-07-17,27.8169,23.1044,2018,7,17
2018-07-18,31.4993,23.5319,2018,7,18
2018-07-19,29.9573,20.4001,2018,7,19
2018-07-20,28.7886,23.0516,2018,7,20
2018-07-21,32.8361,20.1239,2018,7,21
2018-07-22,25.919,23.7799,2018,7,22
2018-07-23,31.9562,22.5164,2018,7,23
2018-07-24,32.7616,19.8605,2018,7,24
2018-07-25,31.1266,22.0599,2018,7,25
2018-07-26,28.9072,20.1291,2018,7,26
2018-07-27,26.3815,21.035999999999998,2018,7,27
2018-07-28,28.4339,18.3439,2018,7,28
2018-07-29,27.9582,23.4802,2018,7,29
2018-07-30,30.441,20.5789,2018,7,30
2018-07-31,25.4218,18.2963,2018,7,31
2018-08-01,25.6127,20.0548,2018,8,1
2018-08-02,26.0998,20.3835,2018,8,2
2018-08-03,28.2188,21.9835,2018,8,3
2018-08-04,27.3334,19.7279,2018,8,4
2018-08-05,24.9782,17.7648,2018,8,5
2018-08-06,28.3907,18.5807,2018,8,6
2018-08-07,26.8351,21.3172,2018,8,7
2018-08-08,30.4719,22.6898,2018,8,8
2018-08-09,28.4739,21.818,2018,8,9
2018-08-10,30.2532,22.5447,2018,8,10
2018-08-11,29.5629,19.4336,2018,8,11
2018-08-12,25.6359,20.8057,2018,8,12
2018-08-13,28.6714,16.3992,2018,8,13
2018-08-14,24.2446,20.8093,2018,8,14
2018-08-15,29.7716,22.2885,2018,8,15
2018-08-16,29.8505,24.5408,2018,8,16
2018-08-17,31.3404,19.5606,2018,8,17
2018-08-18,28.6384,20.0216,2018,8,18
2018-08-19,26.5518,20.537,2018,8,19
2018-08-20,28.6848,19.5201,2018,8,20
2018-08-21,25.9828,22.0354,2018,8,21
2018-08-22,27.2718,19.449,2018,8,22
2018-08-23,29.5529,17.6842,2018,8,23
2018-08-24,25.6628,18.7925,2018,8,24
2018-08-25,25.4488,19.1978,2018,8,25
2018-08-26,26.8235,20.9593,2018,8,26
2018-08-27,28.3847,19.5588,2018,8,27
2018-08-28,25.738000000000003,22.8908,2018,8,28
2018-08-29,29.8307,20.2505,2018,8,29
2018-08-30,22.0998,21.8218,2018,8,30
2018-08-31,30.3681,19.0487,2018,8,31
2018-09-01,24.7672,17.9916,2018,9,1
2018-09-02,26.3326,22.4619,2018,9,2
2018-09-03,28.8125,20.0472,2018,9,3
2018-09-04,28.5029,22.9413,2018,9,4
2018-09-05,30.2694,22.3882,2018,9,5
2018-09-06,25.7375,19.3627,2018,9,6
2018-09-07,28.5043,18.9917,2018,9,7
2018-09-08,25.8048,22.8276,2018,9,8
2018-09-09,30.8459,22.2145,2018,9,9
2018-09-10,31.7454,18.4215,2018,9,10
2018-09-11,25.5653,21.3979,2018,9,11
2018-09-12,29.1081,18.6944,2018,9,12
2018-09-13,22.2039,20.3429,2018,9,13
2018-09-14,29.3003,19.9582,2018,9,14
2018-09-15,27.4352,23.4003,2018,9,15
2018-09-16,30.1146,19.5021,2018,9,16
2018-09-17,26.9342,19.4909,2018,9,17
2018-09-18,28.3563,20.6724,2018,9,18
2018-09-19,30.4019,22.177,2018,9,19
2018-09-20,27.9632,23.5716,2018,9,20
2018-09-21,32.4033,22.3059,2018,9,21
2018-09-22,27.4019,24.4211,2018,9,22
2018-09-23,32.1928,19.5926,2018,9,23
2018-09-24,29.2928,22.8389,2018,9,24
2018-09-25,31.9933,20.9829,2018,9,25
2018-09-26,28.89,22.6897,2018,9,26
2018-09-28,30.1515,21.4462,2018,9,28
2018-09-29,32.2872,24.1653,2018,9,29
2018-09-30,32.7214,20.7716,2018,9,30
2018-10-01,22.1249,22.1627,2018,10,1
2018-10-02,32.7861,22.2092,2018,10,2
2018-10-03,29.8051,19.7267,2018,10,3
2018-10-04,33.2893,19.8598,2018,10,4
2018-10-05,32.0577,23.4532,2018,10,5
2018-10-06,31.4159,22.8138,2018,10,6
2018-10-07,29.2478,20.1094,2018,10,7
2018-10-09,32.1717,22.4258,2018,10,9
2018-10-10,32.1906,23.2549,2018,10,10
2018-10-11,35.3929,22.595,2018,10,11
2018-10-12,33.6313,21.6548,2018,10,12
2018-10-13,33.0554,23.031,2018,10,13
2018-10-14,32.3358,21.5536,2018,10,14
2018-10-15,33.8314,23.1526,2018,10,15
2018-10-16,35.0247,18.5547,2018,10,16
2018-10-17,30.3096,22.2021,2018,10,17
2018-10-18,35.5251,21.1366,2018,10,18
2018-10-19,33.2172,21.206999999999997,2018,10,19
2018-10-20,34.7328,21.7082,2018,10,20
2018-10-21,35.8461,20.8022,2018,10,21
2018-10-22,37.2831,19.8015,2018,10,22
2018-10-23,36.2916,20.7731,2018,10,23
2018-10-24,33.0778,22.2574,2018,10,24
2018-10-25,34.3976,21.1811,2018,10,25
2018-10-26,33.1514,22.971999999999998,2018,10,26
2018-10-27,34.1805,23.5571,2018,10,27
2018-10-28,33.7968,19.3648,2018,10,28
2018-10-29,31.0272,22.4443,2018,10,29
2018-10-30,35.0079,17.7697,2018,10,30
2018-10-31,31.8902,19.8924,2018,10,31
2018-11-01,36.2289,15.5056,2018,11,1
2018-11-02,31.6945,18.4907,2018,11,2
2018-11-03,35.9668,18.7488,2018,11,3
2018-11-04,34.753,18.3864,2018,11,4
2018-11-05,34.149,17.9417,2018,11,5
2018-11-06,36.8243,16.4843,2018,11,6
2018-11-07,31.7981,18.5889,2018,11,7
2018-11-08,36.1239,13.4465,2018,11,8
2018-11-09,32.7735,18.1428,2018,11,9
2018-11-10,35.5117,15.3653,2018,11,10
2018-11-11,34.9673,17.9446,2018,11,11
2018-11-12,36.3778,18.0505,2018,11,12
2018-11-13,35.2914,17.565,2018,11,13
2018-11-14,32.209,19.1995,2018,11,14
2018-11-15,34.1246,13.6553,2018,11,15
2018-11-16,31.9694,19.464000000000002,2018,11,16
2018-11-17,34.1592,15.1654,2018,11,17
2018-11-18,31.4627,18.5834,2018,11,18
2018-11-19,34.4868,19.9438,2018,11,19
2018-11-20,34.5088,16.3771,2018,11,20
2018-11-21,36.8465,18.1074,2018,11,21
2018-11-22,34.6271,15.5288,2018,11,22
2018-11-23,34.0729,19.1688,2018,11,23
2018-11-24,36.7543,16.0699,2018,11,24
2018-11-25,32.4832,18.7522,2018,11,25
2018-11-26,35.43,17.3775,2018,11,26
2018-11-27,33.7495,16.7075,2018,11,27
2018-11-28,36.5158,17.7144,2018,11,28
2018-11-29,34.7053,15.0523,2018,11,29
2018-11-30,32.4572,15.3696,2018,11,30
2018-12-01,32.1981,11.6812,2018,12,1
2018-12-02,30.2797,17.0882,2018,12,2
2018-12-03,34.2398,15.091,2018,12,3
2018-12-04,31.9705,17.4039,2018,12,4
2018-12-05,32.385999999999996,16.5107,2018,12,5
2018-12-06,30.4044,16.1183,2018,12,6
2018-12-07,29.4523,15.3557,2018,12,7
2018-12-08,31.2307,14.6808,2018,12,8
2018-12-09,31.7,16.5073,2018,12,9
2018-12-10,33.9122,14.5878,2018,12,10
2018-12-11,30.4495,16.687,2018,12,11
2018-12-12,32.8272,15.754000000000001,2018,12,12
2018-12-13,32.5154,16.8326,2018,12,13
2018-12-14,34.4916,17.5992,2018,12,14
2018-12-15,36.4563,16.1038,2018,12,15
2018-12-16,34.0578,18.9709,2018,12,16
2018-12-17,33.732,15.0314,2018,12,17
2018-12-18,29.4224,18.1265,2018,12,18
2018-12-19,30.8293,15.4715,2018,12,19
2018-12-20,29.301,16.3757,2018,12,20
2018-12-21,31.2381,16.4365,2018,12,21
2018-12-22,29.6147,14.445,2018,12,22
2018-12-23,28.6804,16.9243,2018,12,23
2018-12-24,29.8059,14.921,2018,12,24
2018-12-25,27.8027,17.3294,2018,12,25
2018-12-26,31.0354,13.873,2018,12,26
2018-12-27,29.0298,15.9476,2018,12,27
2018-12-28,31.2075,16.1518,2018,12,28
2018-12-29,29.3566,15.6082,2018,12,29
2018-12-30,30.0855,16.1225,2018,12,30
2018-12-31,32.5237,14.5815,2018,12,31
2019-01-01,31.0898,16.7723,2019,1,1
2019-01-02,31.4206,13.190999999999999,2019,1,2
2019-01-03,29.7533,17.1899,2019,1,3
2019-01-04,32.6872,14.8349,2019,1,4
2019-01-05,30.7345,16.1607,2019,1,5
2019-01-06,33.563,15.3428,2019,1,6
2019-01-07,31.5883,13.626,2019,1,7
2019-01-08,26.9641,16.8255,2019,1,8
2019-01-09,32.2992,13.4319,2019,1,9
2019-01-10,31.1405,17.7838,2019,1,10
2019-01-11,35.928000000000004,13.9707,2019,1,11
2019-01-12,34.2298,15.7094,2019,1,12
2019-01-13,34.1199,17.3737,2019,1,13
2019-01-14,32.8945,16.3604,2019,1,14
2019-01-15,31.7368,17.0418,2019,1,15
2019-01-16,33.6582,13.9557,2019,1,16
2019-01-17,33.0614,17.0209,2019,1,17
2019-01-18,37.7039,14.1704,2019,1,18
2019-01-19,34.0973,18.9261,2019,1,19
2019-01-20,35.8523,16.0877,2019,1,20
2019-01-21,35.1336,19.3654,2019,1,21
2019-01-22,37.623000000000005,18.2301,2019,1,22
2019-01-23,37.5689,17.8721,2019,1,23
2019-01-24,34.535,18.6508,2019,1,24
2019-01-25,38.099000000000004,15.8563,2019,1,25
2019-01-26,34.8588,19.4131,2019,1,26
2019-01-27,37.5556,13.1575,2019,1,27
2019-01-28,33.5627,16.9492,2019,1,28
2019-01-29,35.0456,16.7087,2019,1,29
2019-01-30,34.6434,19.2409,2019,1,30
2019-01-31,34.6107,19.634,2019,1,31
2019-02-01,35.4583,14.7282,2019,2,1
2019-02-02,30.6781,15.3976,2019,2,2
2019-02-03,36.7958,15.3574,2019,2,3
2019-02-04,33.9286,18.354,2019,2,4
2019-02-05,36.3155,16.4529,2019,2,5
2019-02-06,30.7105,17.7395,2019,2,6
2019-02-07,33.1974,15.3035,2019,2,7
2019-02-08,32.6578,15.59,2019,2,8
2019-02-09,30.5474,18.065,2019,2,9
2019-02-10,32.4399,13.4662,2019,2,10
2019-02-11,29.5777,19.4242,2019,2,11
2019-02-12,29.478,13.9599,2019,2,12
2019-02-13,31.0674,18.1064,2019,2,13
2019-02-14,31.8283,17.7792,2019,2,14
2019-02-15,29.433000000000003,16.5424,2019,2,15
2019-02-16,29.4182,18.3996,2019,2,16
2019-02-17,31.8592,16.0501,2019,2,17
2019-02-18,32.7693,20.2485,2019,2,18
2019-02-19,37.3342,15.7596,2019,2,19
2019-02-20,33.3945,19.7224,2019,2,20
2019-02-21,37.1561,17.9142,2019,2,21
2019-02-22,34.217,19.7134,2019,2,22
2019-02-23,36.3759,19.0434,2019,2,23
2019-02-24,40.8287,15.5337,2019,2,24
2019-02-25,32.9742,20.154,2019,2,25
2019-02-26,39.5562,11.7322,2019,2,26
2019-02-27,36.9847,23.3062,2019,2,27
2019-02-28,37.9415,20.5809,2019,2,28
2019-03-01,37.9123,21.6887,2019,3,1
2019-03-02,39.1633,19.4336,2019,3,2
2019-03-03,41.7285,22.5076,2019,3,3
2019-03-04,35.9786,20.4399,2019,3,4
2019-03-05,38.5337,20.0017,2019,3,5
2019-03-06,36.9172,19.6197,2019,3,6
2019-03-07,32.7416,17.2981,2019,3,7
2019-03-08,32.2604,21.1919,2019,3,8
2019-03-09,35.7636,16.098,2019,3,9
2019-03-10,37.2285,20.4145,2019,3,10
2019-03-11,40.6423,21.3136,2019,3,11
2019-03-12,39.187,18.7568,2019,3,12
2019-03-13,43.2271,19.9429,2019,3,13
2019-03-14,38.3395,19.5049,2019,3,14
2019-03-15,34.6667,22.1875,2019,3,15
2019-03-16,37.069,18.0377,2019,3,16
2019-03-17,32.6936,22.1185,2019,3,17
2019-03-18,36.9957,18.4648,2019,3,18
2019-03-19,36.9409,21.2894,2019,3,19
2019-03-20,38.4939,21.3014,2019,3,20
2019-03-21,37.4384,20.2358,2019,3,21
2019-03-22,39.7681,21.2312,2019,3,22
2019-03-23,39.0889,19.3429,2019,3,23
2019-03-24,34.1809,22.3765,2019,3,24
2019-03-25,39.609,19.2302,2019,3,25
2019-03-26,32.9592,22.5229,2019,3,26
2019-03-27,41.5175,20.9974,2019,3,27
2019-03-28,40.7589,20.3786,2019,3,28
2019-03-29,41.9257,23.1184,2019,3,29
2019-03-30,44.2172,22.6847,2019,3,30
2019-03-31,37.2007,22.9271,2019,3,31
2019-04-01,39.888000000000005,20.2822,2019,4,1
2019-04-02,39.4361,23.0729,2019,4,2
2019-04-03,44.9594,22.3028,2019,4,3
2019-04-04,41.8952,24.3418,2019,4,4
2019-04-05,45.7125,21.5302,2019,4,5
2019-04-06,36.3626,22.1135,2019,4,6
2019-04-07,40.1914,24.2514,2019,4,7
2019-04-08,38.3612,19.0287,2019,4,8
2019-04-09,42.4056,23.6613,2019,4,9
2019-04-10,42.7346,20.7718,2019,4,10
2019-04-11,44.5919,24.2981,2019,4,11
2019-04-12,40.3288,20.9803,2019,4,12
2019-04-13,40.681999999999995,17.6495,2019,4,13
2019-04-14,40.3006,22.9792,2019,4,14
2019-04-15,37.8158,20.7517,2019,4,15
2019-04-16,31.5082,22.5821,2019,4,16
2019-04-17,37.5866,19.7607,2019,4,17
2019-04-18,37.7521,21.122,2019,4,18
2019-04-19,36.7767,18.6782,2019,4,19
2019-04-20,38.0437,21.7788,2019,4,20
2019-04-21,39.1131,22.6055,2019,4,21
2019-04-22,38.3687,18.5244,2019,4,22
2019-04-23,37.9674,23.7256,2019,4,23
2019-04-24,35.4431,21.793000000000003,2019,4,24
2019-04-25,32.6348,21.7609,2019,4,25
2019-04-26,41.9733,16.6712,2019,4,26
2019-04-27,36.7201,23.1187,2019,4,27
2019-04-28,41.6902,21.0649,2019,4,28
2019-04-29,40.1074,21.8736,2019,4,29
2019-04-30,38.1525,23.9876,2019,4,30
2019-05-01,36.7487,21.624000000000002,2019,5,1
2019-05-02,37.6689,25.9426,2019,5,2
2019-05-03,35.7985,22.2179,2019,5,3
2019-05-04,36.1094,25.2559,2019,5,4
2019-05-05,38.9513,23.3281,2019,5,5
2019-05-06,38.6795,24.4745,2019,5,6
2019-05-07,37.4439,24.1853,2019,5,7
2019-05-08,34.3234,21.0343,2019,5,8
2019-05-09,34.9607,24.0699,2019,5,9
2019-05-10,37.4651,20.4531,2019,5,10
2019-05-11,30.4427,22.4276,2019,5,11
2019-05-12,35.1577,21.7338,2019,5,12
2019-05-13,35.5006,23.9761,2019,5,13
2019-05-14,40.542,24.3684,2019,5,14
2019-05-15,38.6313,26.2042,2019,5,15
2019-05-16,38.1839,25.9194,2019,5,16
2019-05-17,32.0634,22.1043,2019,5,17
2019-05-18,35.5773,24.2148,2019,5,18
2019-05-19,34.5823,20.2398,2019,5,19
2019-05-21,32.5216,18.5723,2019,5,21
2019-05-22,28.9715,22.1303,2019,5,22
2019-05-23,35.5568,21.9447,2019,5,23
2019-05-24,31.9125,23.432,2019,5,24
2019-05-25,39.2009,23.8345,2019,5,25
2019-05-26,35.6308,21.7693,2019,5,26
2019-05-27,31.5876,23.1741,2019,5,27
2019-05-28,33.1688,19.8504,2019,5,28
2019-05-29,33.0917,17.8377,2019,5,29
2019-05-30,29.7337,22.8034,2019,5,30
2019-05-31,34.2128,26.1366,2019,5,31
2019-06-01,37.042,24.109,2019,6,1
2019-06-02,31.3459,22.6265,2019,6,2
2019-06-03,29.4412,24.3712,2019,6,3
2019-06-04,32.5875,17.494,2019,6,4
2019-06-05,29.8151,22.3528,2019,6,5
2019-06-06,30.1625,17.3659,2019,6,6
2019-06-07,28.9549,21.2539,2019,6,7
2019-06-08,28.6352,21.4865,2019,6,8
2019-06-09,33.728,22.3986,2019,6,9
2019-06-10,34.7953,22.486,2019,6,10
2019-06-11,30.6594,20.634,2019,6,11
2019-06-12,32.5125,21.1781,2019,6,12
2019-06-13,34.0517,18.849,2019,6,13
2019-06-14,30.6377,23.601,2019,6,14
2019-06-15,37.495,22.5782,2019,6,15
2019-06-16,32.9815,23.7292,2019,6,16
2019-06-17,35.1052,24.7793,2019,6,17
2019-06-18,34.4387,19.5523,2019,6,18
2019-06-19,31.9774,24.9298,2019,6,19
2019-06-20,36.4226,23.1349,2019,6,20
2019-06-21,30.9392,21.8364,2019,6,21
2019-06-22,34.4545,19.1778,2019,6,22
2019-06-23,29.5647,22.1389,2019,6,23
2019-06-24,32.4032,21.0072,2019,6,24
2019-06-25,33.4999,15.7218,2019,6,25
2019-06-26,29.1011,21.6235,2019,6,26
2019-06-27,32.4406,18.2909,2019,6,27
2019-06-28,28.2316,23.291,2019,6,28
2019-06-29,33.0513,21.6691,2019,6,29
2019-06-30,31.9744,23.5222,2019,6,30
2019-07-01,30.572,17.9899,2019,7,1
2019-07-02,28.3454,22.2197,2019,7,2
2019-07-03,32.5714,18.4916,2019,7,3
2019-07-04,27.8806,19.0265,2019,7,4
2019-07-05,29.3844,19.9204,2019,7,5
2019-07-06,28.7263,20.3812,2019,7,6
2019-07-07,30.0547,22.1223,2019,7,7
2019-07-08,22.275,18.2458,2019,7,8
2019-07-09,27.4934,22.3717,2019,7,9
2019-07-10,31.948,21.2479,2019,7,10
2019-07-11,22.5487,17.596,2019,7,11
2019-07-12,27.0332,22.2777,2019,7,12
2019-07-13,29.4349,19.6844,2019,7,13
2019-07-14,25.6942,20.0419,2019,7,14
2019-07-15,27.6113,19.5113,2019,7,15
2019-07-16,29.0755,23.1151,2019,7,16
2019-07-17,31.5276,22.1591,2019,7,17
2019-07-19,31.6421,21.004,2019,7,19
2019-07-20,27.9209,20.8043,2019,7,20
2019-07-21,21.1483,20.9783,2019,7,21
2019-07-22,30.0784,19.9887,2019,7,22
2019-07-23,25.552,23.4444,2019,7,23
2019-07-24,31.4771,21.9754,2019,7,24
2019-07-25,29.4801,22.0026,2019,7,25
2019-07-26,28.0431,22.5033,2019,7,26
2019-07-27,29.8181,22.0535,2019,7,27
2019-07-28,29.7029,22.6761,2019,7,28
2019-07-29,26.828000000000003,19.2547,2019,7,29
2019-07-30,25.7193,23.2808,2019,7,30
2019-07-31,29.8891,21.362,2019,7,31
2019-08-01,24.2281,19.9072,2019,8,1
2019-08-02,24.7122,19.9065,2019,8,2
2019-08-03,26.6176,22.138,2019,8,3
2019-08-04,27.5684,23.17,2019,8,4
2019-08-05,24.5453,21.1192,2019,8,5
2019-08-06,27.9716,22.5199,2019,8,6
2019-08-07,29.848000000000003,20.2059,2019,8,7
2019-08-08,23.5938,21.0191,2019,8,8
2019-08-09,25.8618,19.8117,2019,8,9
2019-08-10,25.9895,18.8353,2019,8,10
2019-08-11,29.0834,22.7637,2019,8,11
2019-08-12,29.1872,20.1006,2019,8,12
2019-08-13,28.4856,22.2282,2019,8,13
2019-08-14,29.076999999999998,18.244,2019,8,14
2019-08-15,27.6669,20.725,2019,8,15
2019-08-16,26.971999999999998,18.986,2019,8,16
2019-08-17,24.7152,19.619,2019,8,17
2019-08-18,29.6619,21.8081,2019,8,18
2019-08-19,20.7587,22.3106,2019,8,19
2019-08-20,26.3056,22.2525,2019,8,20
2019-08-21,25.8373,20.4949,2019,8,21
2019-08-22,27.5798,21.6873,2019,8,22
2019-08-23,27.8503,17.2902,2019,8,23
2019-08-24,23.3546,20.7922,2019,8,24
2019-08-25,25.9809,21.8875,2019,8,25
2019-08-26,25.8074,23.1141,2019,8,26
2019-08-27,26.4329,18.2992,2019,8,27
2019-08-28,26.1391,22.7914,2019,8,28
2019-08-29,25.2205,19.2505,2019,8,29
2019-08-30,28.1118,21.0853,2019,8,30
2019-08-31,26.2948,23.7197,2019,8,31
2019-09-01,30.0917,17.2594,2019,9,1
2019-09-02,25.7676,21.8995,2019,9,2
2019-09-03,30.5192,19.445,2019,9,3
2019-09-04,30.5431,25.0535,2019,9,4
2019-09-05,31.7848,23.3162,2019,9,5
2019-09-06,29.7607,20.673000000000002,2019,9,6
2019-09-07,29.5181,23.43,2019,9,7
2019-09-08,30.9718,22.6287,2019,9,8
2019-09-09,23.2041,20.3364,2019,9,9
2019-09-10,28.2473,20.9692,2019,9,10
2019-09-11,29.5057,22.6456,2019,9,11
2019-09-12,31.358,22.0392,2019,9,12
2019-09-13,29.2849,14.2642,2019,9,13
2019-09-14,31.4022,21.7879,2019,9,14
2019-09-15,28.5581,19.1664,2019,9,15
2019-09-16,22.3591,21.5425,2019,9,16
2019-09-17,28.0255,19.7854,2019,9,17
2019-09-18,24.9314,24.0752,2019,9,18
2019-09-19,33.3821,20.5629,2019,9,19
2019-09-20,26.9986,22.7616,2019,9,20
2019-09-21,31.8189,23.5704,2019,9,21
2019-09-22,29.2269,21.3127,2019,9,22
2019-09-23,31.8722,22.5424,2019,9,23
2019-09-24,29.5796,19.0686,2019,9,24
2019-09-25,30.6402,22.5587,2019,9,25
2019-09-26,32.2682,21.9099,2019,9,26
2019-09-27,29.6835,22.226,2019,9,27
2019-09-28,30.767,22.9387,2019,9,28
2019-09-29,30.5141,16.4847,2019,9,29
2019-09-30,32.1851,22.517,2019,9,30
2019-10-01,33.079,18.1413,2019,10,1
2019-10-02,32.8809,22.6521,2019,10,2
2019-10-03,32.2154,22.8492,2019,10,3
2019-10-04,28.3553,23.3203,2019,10,4
2019-10-05,31.9651,21.7662,2019,10,5
2019-10-06,30.0532,23.7787,2019,10,6
2019-10-07,33.1849,23.2337,2019,10,7
2019-10-08,27.565,21.6533,2019,10,8
2019-10-09,28.9936,20.7939,2019,10,9
2019-10-10,28.3858,22.3514,2019,10,10
2019-10-11,31.88,22.6973,2019,10,11
2019-10-12,28.3062,20.5852,2019,10,12
2019-10-13,29.4282,23.3722,2019,10,13
2019-10-14,31.7673,22.9794,2019,10,14
2019-10-15,31.2119,22.2735,2019,10,15
2019-10-16,26.5709,20.4721,2019,10,16
2019-10-17,29.5929,19.8911,2019,10,17
2019-10-18,27.2269,23.8307,2019,10,18
2019-10-20,23.6662,20.2379,2019,10,20
2019-10-21,30.6278,22.489,2019,10,21
2019-10-22,31.5038,21.7297,2019,10,22
2019-10-23,31.3748,22.2965,2019,10,23
2019-10-24,29.8065,21.5385,2019,10,24
2019-10-25,32.09,21.6497,2019,10,25
2019-10-26,32.1901,18.7942,2019,10,26
2019-10-27,34.2214,22.0299,2019,10,27
2019-10-28,31.19,22.4439,2019,10,28
2019-10-29,29.8126,22.5927,2019,10,29
2019-10-30,34.5288,18.2923,2019,10,30
2019-10-31,30.9963,17.2829,2019,10,31
2019-11-01,35.0016,19.5982,2019,11,1
2019-11-02,32.8103,16.2195,2019,11,2
2019-11-03,29.0039,20.8726,2019,11,3
2019-11-04,34.4638,17.5827,2019,11,4
2019-11-05,31.9776,20.7934,2019,11,5
2019-11-06,34.427,19.463,2019,11,6
2019-11-07,34.2716,19.3143,2019,11,7
2019-11-08,34.7865,20.8199,2019,11,8
2019-11-09,36.1279,15.6156,2019,11,9
2019-11-10,34.6693,20.5153,2019,11,10
2019-11-11,31.7963,18.8609,2019,11,11
2019-11-12,29.6207,20.0479,2019,11,12
2019-11-13,34.6124,16.6442,2019,11,13
2019-11-14,33.2769,18.9133,2019,11,14
2019-11-15,34.0413,16.9459,2019,11,15
2019-11-16,33.7795,16.0252,2019,11,16
2019-11-17,33.5938,19.1044,2019,11,17
2019-11-18,34.9705,16.7468,2019,11,18
2019-11-19,34.0268,20.6135,2019,11,19
2019-11-20,36.9054,14.9876,2019,11,20
2019-11-21,30.9315,17.3113,2019,11,21
2019-11-22,34.4189,19.383,2019,11,22
2019-11-23,34.9233,16.9332,2019,11,23
2019-11-24,37.7499,20.3087,2019,11,24
2019-11-25,37.1286,16.2669,2019,11,25
2019-11-26,38.3503,19.392,2019,11,26
2019-11-27,36.7464,13.107000000000001,2019,11,27
2019-11-28,34.4801,17.7897,2019,11,28
2019-11-29,35.7733,16.9686,2019,11,29
2019-11-30,34.1858,17.4139,2019,11,30
2019-12-01,35.4412,16.8242,2019,12,1
2019-12-02,32.4138,13.7158,2019,12,2
2019-12-03,31.5863,18.007,2019,12,3
2019-12-04,34.1979,12.8522,2019,12,4
2019-12-05,32.6344,18.8739,2019,12,5
2019-12-06,36.5218,17.1289,2019,12,6
2019-12-07,33.150999999999996,16.8507,2019,12,7
2019-12-08,35.2471,18.5569,2019,12,8
2019-12-09,33.9624,17.0763,2019,12,9
2019-12-10,33.5457,17.8701,2019,12,10
2019-12-11,36.1645,13.843,2019,12,11
2019-12-12,33.5297,17.7059,2019,12,12
2019-12-13,33.839,14.5445,2019,12,13
2019-12-14,29.174,15.9911,2019,12,14
2019-12-15,33.166,15.1702,2019,12,15
2019-12-16,31.8107,16.2823,2019,12,16
2019-12-17,31.1439,17.5611,2019,12,17
2019-12-18,32.7225,15.7755,2019,12,18
2019-12-19,30.9145,18.7042,2019,12,19
2019-12-20,34.6818,16.328,2019,12,20
2019-12-21,31.5035,17.0346,2019,12,21
2019-12-22,35.605,14.7073,2019,12,22
2019-12-23,33.5226,15.6087,2019,12,23
2019-12-24,34.5244,15.6108,2019,12,24
2019-12-25,33.4306,15.2933,2019,12,25
2019-12-26,30.0278,17.9128,2019,12,26
2019-12-27,32.0733,14.6279,2019,12,27
2019-12-28,30.5774,16.295,2019,12,28
2019-12-29,35.0405,12.8344,2019,12,29
2019-12-30,32.2985,15.0785,2019,12,30
2019-12-31,33.872,14.09,2019,12,31
2020-01-01,30.7314,14.5447,2020,1,1
2020-01-02,25.2158,13.5141,2020,1,2
2020-01-03,27.3936,12.1172,2020,1,3
2020-01-04,24.8713,16.0331,2020,1,4
2020-01-05,27.9722,14.3394,2020,1,5
2020-01-06,25.2096,18.5359,2020,1,6
2020-01-07,30.0528,15.8268,2020,1,7
2020-01-08,29.7871,18.1003,2020,1,8
2020-01-09,32.1395,17.5315,2020,1,9
2020-01-10,32.4322,16.8627,2020,1,10
2020-01-11,34.6524,19.5657,2020,1,11
2020-01-12,32.7308,16.2481,2020,1,12
2020-01-13,35.3633,20.6589,2020,1,13
2020-01-14,37.5054,17.9882,2020,1,14
2020-01-15,30.0628,19.4095,2020,1,15
2020-01-16,31.6073,16.629,2020,1,16
2020-01-17,31.6258,15.0532,2020,1,17
2020-01-18,27.4216,16.9565,2020,1,18
2020-01-19,28.6278,14.9182,2020,1,19
2020-01-20,28.1406,19.5401,2020,1,20
2020-01-21,33.1741,13.9725,2020,1,21
2020-01-22,29.5901,18.4677,2020,1,22
2020-01-23,32.0969,15.542,2020,1,23
2020-01-24,29.9335,15.8426,2020,1,24
2020-01-25,32.9013,15.3782,2020,1,25
2020-01-26,31.1553,14.507,2020,1,26
2020-01-27,30.6826,16.7929,2020,1,27
2020-01-28,33.8486,13.632,2020,1,28
2020-01-29,32.8684,16.8838,2020,1,29
2020-01-30,35.9603,13.9884,2020,1,30
2020-01-31,30.2078,16.5548,2020,1,31
2020-02-01,36.0131,15.4046,2020,2,1
2020-02-02,34.9261,14.164000000000001,2020,2,2
2020-02-03,33.1836,15.7346,2020,2,3
2020-02-04,34.4888,13.7725,2020,2,4
2020-02-05,30.9808,17.4816,2020,2,5
2020-02-06,35.8674,15.4755,2020,2,6
2020-02-07,32.2682,18.3395,2020,2,7
2020-02-08,34.4499,17.5018,2020,2,8
2020-02-09,31.1983,19.4127,2020,2,9
2020-02-10,28.9885,17.8634,2020,2,10
2020-02-11,27.3763,15.4559,2020,2,11
2020-02-12,26.7059,18.7004,2020,2,12
2020-02-13,29.5496,13.7972,2020,2,13
2020-02-14,31.2825,18.9929,2020,2,14
2020-02-15,38.3757,17.1006,2020,2,15
2020-02-16,33.3095,19.2226,2020,2,16
2020-02-17,33.6055,18.2802,2020,2,17
2020-02-18,34.623000000000005,18.2552,2020,2,18
2020-02-19,33.5457,18.8473,2020,2,19
2020-02-20,34.4994,18.4009,2020,2,20
2020-02-21,31.9904,21.634,2020,2,21
2020-02-22,38.4863,18.7155,2020,2,22
2020-02-23,32.6001,21.2711,2020,2,23
2020-02-24,36.995,16.2972,2020,2,24
2020-02-25,35.3583,18.6867,2020,2,25
2020-02-26,32.137,19.6693,2020,2,26
2020-02-27,31.4266,18.245,2020,2,27
2020-02-28,33.7298,21.1048,2020,2,28
2020-02-29,37.1008,18.5187,2020,2,29
2020-03-01,32.4556,20.4065,2020,3,1
2020-03-02,35.4621,15.718,2020,3,2
2020-03-03,31.1636,20.3881,2020,3,3
2020-03-04,38.4546,18.4605,2020,3,4
2020-03-05,42.4777,20.1021,2020,3,5
2020-03-06,39.9581,20.8348,2020,3,6
2020-03-07,40.8398,20.0159,2020,3,7
2020-03-08,37.0856,22.5753,2020,3,8
2020-03-09,42.9191,18.21,2020,3,9
2020-03-10,39.6108,22.1239,2020,3,10
2020-03-11,42.1017,16.8955,2020,3,11
2020-03-12,35.4385,18.1865,2020,3,12
2020-03-13,31.4312,18.2398,2020,3,13
2020-03-14,30.761,17.5018,2020,3,14
2020-03-15,36.7197,19.9037,2020,3,15
2020-03-16,40.2552,16.9117,2020,3,16
2020-03-17,39.5766,18.9273,2020,3,17
2020-03-18,40.8647,16.3471,2020,3,18
2020-03-19,35.1509,19.3997,2020,3,19
2020-03-20,38.2849,20.8371,2020,3,20
2020-03-21,33.1331,20.9778,2020,3,21
2020-03-22,39.7306,20.5799,2020,3,22
2020-03-23,42.6681,23.1309,2020,3,23
2020-03-24,37.8127,25.2601,2020,3,24
2020-03-25,36.8722,18.7899,2020,3,25
2020-03-26,36.2732,22.1731,2020,3,26
2020-03-27,40.9008,17.5627,2020,3,27
2020-03-28,32.6692,23.4354,2020,3,28
2020-03-29,37.5438,17.2468,2020,3,29
2020-03-30,35.2811,20.4459,2020,3,30
2020-03-31,33.4433,21.7026,2020,3,31
2020-04-01,36.1909,20.1025,2020,4,1
2020-04-02,34.7648,23.4811,2020,4,2
2020-04-03,41.1316,20.7886,2020,4,3
2020-04-04,37.0076,22.214000000000002,2020,4,4
2020-04-05,37.9857,22.7885,2020,4,5
2020-04-06,40.5244,24.1186,2020,4,6
2020-04-07,40.7556,24.1854,2020,4,7
2020-04-08,34.0365,22.1124,2020,4,8
2020-04-09,35.4352,23.9895,2020,4,9
2020-04-10,32.9359,23.2312,2020,4,10
2020-04-11,35.9904,22.3295,2020,4,11
2020-04-12,36.4429,20.4577,2020,4,12
2020-04-13,37.0613,22.6721,2020,4,13
2020-04-14,40.6261,20.9745,2020,4,14
2020-04-15,35.8301,22.0787,2020,4,15
2020-04-16,41.7646,21.2616,2020,4,16
2020-04-17,40.6195,18.871,2020,4,17
2020-04-18,40.0538,22.815,2020,4,18
2020-04-19,41.9948,19.3559,2020,4,19
2020-04-20,36.0271,22.7722,2020,4,20
2020-04-21,40.7717,22.8146,2020,4,21
2020-04-22,38.9902,22.9556,2020,4,22
2020-04-23,42.1413,21.0502,2020,4,23
2020-04-24,37.0001,20.4111,2020,4,24
2020-04-25,41.6037,22.2221,2020,4,25
2020-04-26,39.0092,17.7654,2020,4,26
2020-04-27,33.7248,24.5491,2020,4,27
2020-04-28,39.4303,21.4556,2020,4,28
2020-04-29,35.0033,26.5252,2020,4,29
2020-04-30,39.3582,23.0328,2020,4,30
2020-05-01,35.7693,24.3632,2020,5,1
2020-05-02,37.5925,22.813000000000002,2020,5,2
2020-05-03,36.2069,18.6697,2020,5,3
2020-05-04,33.2864,24.568,2020,5,4
2020-05-05,37.5125,19.8443,2020,5,5
2020-05-06,37.856,24.0833,2020,5,6
2020-05-07,39.1489,22.6868,2020,5,7
2020-05-08,37.5341,23.5894,2020,5,8
2020-05-09,40.0597,23.7725,2020,5,9
2020-05-10,39.442,22.2541,2020,5,10
2020-05-11,43.0946,24.6845,2020,5,11
2020-05-12,38.6207,22.6638,2020,5,12
2020-05-13,42.2712,24.8092,2020,5,13
2020-05-14,39.8623,24.4524,2020,5,14
2020-05-15,38.5588,24.4735,2020,5,15
2020-05-16,38.6748,23.8163,2020,5,16
2020-05-17,31.9888,24.3358,2020,5,17
2020-05-18,39.7743,24.1992,2020,5,18
2020-05-19,35.7723,20.6385,2020,5,19
2020-05-20,38.3753,24.1607,2020,5,20
2020-05-21,35.8095,22.1624,2020,5,21
2020-05-22,32.4959,25.3428,2020,5,22
2020-05-23,37.7447,23.4567,2020,5,23
2020-05-24,38.7002,24.1836,2020,5,24
2020-05-25,30.272,22.5739,2020,5,25
2020-05-26,34.2344,23.4373,2020,5,26
2020-05-27,36.5473,19.2434,2020,5,27
2020-05-28,34.0272,19.6743,2020,5,28
2020-05-29,34.9951,24.7142,2020,5,29
2020-05-30,36.5395,22.0685,2020,5,30
2020-05-31,28.8714,25.2879,2020,5,31
2020-06-01,39.6954,21.2199,2020,6,1
2020-06-02,32.9856,25.7563,2020,6,2
2020-06-03,37.3404,23.7143,2020,6,3
2020-06-04,33.3063,18.9459,2020,6,4
2020-06-05,32.4677,23.6265,2020,6,5
2020-06-06,32.7743,20.3635,2020,6,6
2020-06-07,29.0764,24.2117,2020,6,7
2020-06-08,32.0663,20.1163,2020,6,8
2020-06-09,24.6924,25.0048,2020,6,9
2020-06-10,33.0191,23.1612,2020,6,10
2020-06-11,29.6256,20.2534,2020,6,11
2020-06-12,29.7778,20.605,2020,6,12
2020-06-13,30.7238,19.2835,2020,6,13
2020-06-14,28.2063,24.2772,2020,6,14
2020-06-15,30.6989,16.0181,2020,6,15
2020-06-16,27.4429,22.0573,2020,6,16
2020-06-17,31.5184,18.4416,2020,6,17
2020-06-18,31.8745,23.9534,2020,6,18
2020-06-19,34.3155,22.0321,2020,6,19
2020-06-20,32.031,21.3752,2020,6,20
2020-06-21,31.6236,22.517,2020,6,21
2020-06-22,33.1049,21.323,2020,6,22
2020-06-23,31.8132,23.7294,2020,6,23
2020-06-24,32.9794,21.8341,2020,6,24
2020-06-25,31.3073,20.3228,2020,6,25
2020-06-26,32.8227,20.4752,2020,6,26
2020-06-27,30.8126,15.7472,2020,6,27
2020-06-28,33.69,22.4409,2020,6,28
2020-06-29,30.9821,19.5984,2020,6,29
2020-06-30,27.2041,24.0183,2020,6,30
2020-07-01,33.0313,21.6777,2020,7,1
2020-07-02,32.2617,23.9431,2020,7,2
2020-07-04,23.5482,23.2833,2020,7,4
2020-07-05,31.831999999999997,21.3253,2020,7,5
2020-07-06,27.3483,21.788,2020,7,6
2020-07-07,25.4198,21.0303,2020,7,7
2020-07-08,32.3213,22.5614,2020,7,8
2020-07-09,26.7094,22.5796,2020,7,9
2020-07-10,30.4815,19.4928,2020,7,10
2020-07-11,27.486,19.7392,2020,7,11
2020-07-12,30.3447,20.9611,2020,7,12
2020-07-13,28.049,22.6547,2020,7,13
2020-07-15,32.0435,20.4833,2020,7,15
2020-07-16,23.7275,23.8717,2020,7,16
2020-07-18,25.121,23.386999999999997,2020,7,18
2020-07-19,31.4467,22.2055,2020,7,19
2020-07-20,30.6989,19.5541,2020,7,20
2020-07-21,29.9406,22.3073,2020,7,21
2020-07-22,30.2198,21.0964,2020,7,22
2020-07-23,28.0012,21.0802,2020,7,23
2020-07-24,30.5406,19.9956,2020,7,24
2020-07-25,26.1715,22.6911,2020,7,25
2020-07-26,29.9821,22.2633,2020,7,26
2020-07-27,22.8709,22.7663,2020,7,27
2020-07-28,28.4425,21.8455,2020,7,28
2020-07-29,27.8138,18.7443,2020,7,29
2020-07-30,25.3887,18.8673,2020,7,30
2020-07-31,28.6891,18.9865,2020,7,31
2020-08-01,27.4145,20.5135,2020,8,1
2020-08-02,25.6959,18.5287,2020,8,2
2020-08-04,27.5341,20.9453,2020,8,4
2020-08-05,25.5061,17.6027,2020,8,5
2020-08-06,23.2814,18.5536,2020,8,6
2020-08-07,27.1233,17.8922,2020,8,7
2020-08-08,25.3916,21.1139,2020,8,8
2020-08-09,29.019000000000002,17.8559,2020,8,9
2020-08-10,23.8618,20.6403,2020,8,10
2020-08-11,28.6799,19.9283,2020,8,11
2020-08-12,28.721999999999998,17.237000000000002,2020,8,12
2020-08-13,27.1659,21.4811,2020,8,13
2020-08-14,24.3722,23.2773,2020,8,14
2020-08-15,26.7636,22.0474,2020,8,15
2020-08-16,28.4424,18.7326,2020,8,16
2020-08-17,25.3341,20.1133,2020,8,17
2020-08-18,30.7177,20.9548,2020,8,18
2020-08-19,26.6271,18.6227,2020,8,19
2020-08-20,29.2215,22.5502,2020,8,20
2020-08-21,24.39,22.4337,2020,8,21
2020-08-22,29.8503,22.4955,2020,8,22
2020-08-23,27.5839,17.8297,2020,8,23
2020-08-24,28.3549,21.3946,2020,8,24
2020-08-25,27.1203,17.7411,2020,8,25
2020-08-26,26.6213,23.6388,2020,8,26
2020-08-27,29.2435,20.0223,2020,8,27
2020-08-29,26.4955,20.5352,2020,8,29
2020-08-30,24.1287,22.5037,2020,8,30
2020-08-31,25.2046,23.5197,2020,8,31
2020-09-01,28.7421,17.7819,2020,9,1
2020-09-02,30.9179,22.0311,2020,9,2
2020-09-03,28.64,20.1181,2020,9,3
2020-09-04,23.0296,23.2573,2020,9,4
2020-09-05,29.6674,17.7589,2020,9,5
2020-09-06,24.6042,19.9276,2020,9,6
2020-09-07,29.8421,22.1303,2020,9,7
2020-09-08,30.041999999999998,22.8884,2020,9,8
2020-09-09,29.8677,23.3509,2020,9,9
2020-09-10,28.6591,19.589000000000002,2020,9,10
2020-09-11,22.9841,21.6447,2020,9,11
2020-09-12,30.4356,20.8886,2020,9,12
2020-09-13,26.7316,22.7183,2020,9,13
2020-09-14,31.5649,24.1519,2020,9,14
2020-09-15,27.1148,23.5437,2020,9,15
2020-09-16,29.1765,19.601,2020,9,16
2020-09-17,28.8704,22.0758,2020,9,17
2020-09-18,27.1286,24.0106,2020,9,18
2020-09-19,31.5099,19.0488,2020,9,19
2020-09-20,24.0529,19.8441,2020,9,20
2020-09-21,28.0128,20.2236,2020,9,21
2020-09-22,28.3444,22.2186,2020,9,22
2020-09-23,29.7433,21.715,2020,9,23
2020-09-24,29.1468,21.6841,2020,9,24
2020-09-25,30.5456,22.392,2020,9,25
2020-09-26,27.6296,17.8882,2020,9,26
2020-09-27,29.2509,21.4367,2020,9,27
2020-09-29,25.9533,22.4515,2020,9,29
2020-09-30,29.7018,22.9176,2020,9,30
2020-10-01,31.0878,21.4921,2020,10,1
2020-10-02,29.4516,22.1196,2020,10,2
2020-10-03,26.9575,21.5586,2020,10,3
2020-10-04,28.3552,22.9188,2020,10,4
2020-10-05,30.8255,20.222,2020,10,5
2020-10-06,29.6393,21.2973,2020,10,6
2020-10-07,29.3789,21.6441,2020,10,7
2020-10-08,28.6238,22.1064,2020,10,8
2020-10-09,32.6775,21.8168,2020,10,9
2020-10-10,31.9742,21.6689,2020,10,10
2020-10-11,27.8531,22.7483,2020,10,11
2020-10-12,31.229,20.6943,2020,10,12
2020-10-13,29.6545,23.8207,2020,10,13
2020-10-14,32.982,22.4009,2020,10,14
2020-10-15,29.7009,23.858,2020,10,15
2020-10-16,33.9743,21.9918,2020,10,16
2020-10-17,32.2823,21.8804,2020,10,17
2020-10-18,35.3055,22.5731,2020,10,18
2020-10-19,33.7199,19.3638,2020,10,19
2020-10-20,34.7898,21.9143,2020,10,20
2020-10-21,34.5595,19.9991,2020,10,21
2020-10-22,33.3666,19.7235,2020,10,22
2020-10-23,33.1796,19.4636,2020,10,23
2020-10-24,31.1407,18.1573,2020,10,24
2020-10-25,32.0609,18.3153,2020,10,25
2020-10-26,32.5032,17.8811,2020,10,26
2020-10-27,32.0373,20.5647,2020,10,27
2020-10-28,35.4492,18.0951,2020,10,28
2020-10-29,31.8688,20.895,2020,10,29
2020-10-30,36.0833,19.2599,2020,10,30
2020-10-31,32.2547,19.4734,2020,10,31
2020-11-01,33.251,18.1236,2020,11,1
2020-11-02,29.9634,17.865,2020,11,2
2020-11-03,34.1767,19.4656,2020,11,3
2020-11-04,32.7401,15.8352,2020,11,4
2020-11-05,30.3389,20.6242,2020,11,5
2020-11-06,36.1931,16.7945,2020,11,6
2020-11-07,31.7229,18.0195,2020,11,7
2020-11-08,34.5078,17.6629,2020,11,8
2020-11-09,34.2229,17.4694,2020,11,9
2020-11-10,34.5022,19.0331,2020,11,10
2020-11-11,34.8075,15.345,2020,11,11
2020-11-12,36.6866,20.1729,2020,11,12
2020-11-13,34.8499,17.0056,2020,11,13
2020-11-14,33.6945,20.5075,2020,11,14
2020-11-15,35.8928,17.4017,2020,11,15
2020-11-16,33.455999999999996,18.3886,2020,11,16
2020-11-17,36.6658,18.4798,2020,11,17
2020-11-18,33.5693,16.9099,2020,11,18
2020-11-19,33.4057,17.9356,2020,11,19
2020-11-20,33.0838,13.4289,2020,11,20
2020-11-21,33.0667,18.4563,2020,11,21
2020-11-22,34.4477,14.8058,2020,11,22
2020-11-23,32.0589,18.4725,2020,11,23
2020-11-24,33.8874,17.7081,2020,11,24
2020-11-25,34.9969,16.5907,2020,11,25
2020-11-26,34.8292,19.2152,2020,11,26
2020-11-27,36.4122,16.4519,2020,11,27
2020-11-28,34.6383,20.0775,2020,11,28
2020-11-29,37.236,16.0442,2020,11,29
2020-11-30,34.1628,17.9952,2020,11,30
2020-12-01,38.5523,17.4076,2020,12,1
2020-12-02,36.0239,16.8744,2020,12,2
2020-12-03,36.3335,17.6297,2020,12,3
2020-12-04,36.673,16.6815,2020,12,4
2020-12-05,36.3615,20.1609,2020,12,5
2020-12-06,38.9497,15.9359,2020,12,6
2020-12-07,38.0933,18.81,2020,12,7
2020-12-08,37.7761,13.9411,2020,12,8
2020-12-09,35.2087,18.3518,2020,12,9
2020-12-10,37.8142,19.1404,2020,12,10
2020-12-11,36.2071,16.6718,2020,12,11
2020-12-12,36.5172,18.0897,2020,12,12
2020-12-13,37.7286,14.9383,2020,12,13
2020-12-14,37.8281,18.8773,2020,12,14
2020-12-15,36.7369,14.3158,2020,12,15
2020-12-16,33.0468,17.65,2020,12,16
2020-12-17,34.1619,15.0333,2020,12,17
2020-12-18,32.275999999999996,15.8102,2020,12,18
2020-12-19,32.9227,18.7674,2020,12,19
2020-12-20,33.5831,14.9874,2020,12,20
2020-12-21,36.3794,17.9717,2020,12,21
2020-12-22,34.1109,15.1501,2020,12,22
2020-12-23,32.1901,18.7777,2020,12,23
2020-12-24,35.1231,15.4926,2020,12,24
2020-12-25,31.2602,16.6403,2020,12,25
2020-12-26,31.5507,16.2912,2020,12,26
2020-12-27,30.5189,15.4603,2020,12,27
2020-12-28,31.7116,17.293,2020,12,28
2020-12-29,34.048,14.0254,2020,12,29
2020-12-30,32.314,17.5739,2020,12,30
2020-12-31,36.3023,14.0834,2020,12,31
2021-01-01,33.7365,17.7298,2021,1,1
2021-01-02,36.7746,17.7926,2021,1,2
2021-01-03,36.6657,19.1784,2021,1,3
2021-01-04,37.2154,18.0651,2021,1,4
2021-01-05,38.196999999999996,17.3131,2021,1,5
2021-01-06,36.803000000000004,17.04,2021,1,6
2021-01-07,36.2462,13.6045,2021,1,7
2021-01-08,34.1347,19.0628,2021,1,8
2021-01-09,37.6986,16.8783,2021,1,9
2021-01-10,34.778,19.2881,2021,1,10
2021-01-11,36.7522,19.2716,2021,1,11
2021-01-12,36.9392,17.3601,2021,1,12
2021-01-13,35.3584,18.4285,2021,1,13
2021-01-14,37.1316,16.6214,2021,1,14
2021-01-15,33.9443,18.5184,2021,1,15
2021-01-16,37.4674,13.7135,2021,1,16
2021-01-17,33.1475,17.8621,2021,1,17
2021-01-18,36.5041,18.0947,2021,1,18
2021-01-19,33.0533,17.7551,2021,1,19
2021-01-20,31.2921,17.1453,2021,1,20
2021-01-21,31.3667,15.2292,2021,1,21
2021-01-22,28.5037,16.6354,2021,1,22
2021-01-23,31.8299,13.3934,2021,1,23
2021-01-24,31.0822,17.4797,2021,1,24
2021-01-25,36.7917,15.9192,2021,1,25
2021-01-26,36.0454,17.8332,2021,1,26
2021-01-27,36.6582,18.1388,2021,1,27
2021-01-28,36.179,15.4183,2021,1,28
2021-01-29,32.0484,18.1121,2021,1,29
2021-01-30,33.2738,15.277999999999999,2021,1,30
2021-01-31,30.5831,19.5665,2021,1,31
2021-02-01,34.8968,15.4987,2021,2,1
2021-02-02,30.7209,18.8249,2021,2,2
2021-02-03,35.8665,17.8249,2021,2,3
2021-02-04,31.2241,17.7843,2021,2,4
2021-02-05,31.3979,19.5296,2021,2,5
2021-02-06,32.6293,16.5035,2021,2,6
2021-02-07,36.0792,18.9797,2021,2,7
2021-02-08,38.9607,13.9309,2021,2,8
2021-02-09,38.7093,17.9136,2021,2,9
2021-02-10,39.1157,16.5292,2021,2,10
2021-02-11,29.4388,17.4496,2021,2,11
2021-02-12,39.3751,15.4072,2021,2,12
2021-02-13,41.1336,16.7352,2021,2,13
2021-02-14,38.0456,18.6943,2021,2,14
2021-02-15,40.2381,16.783,2021,2,15
2021-02-16,35.3667,20.4235,2021,2,16
2021-02-17,32.7431,13.1273,2021,2,17
2021-02-18,33.3822,13.0145,2021,2,18
2021-02-19,28.8756,14.2566,2021,2,19
2021-02-20,30.6588,12.5816,2021,2,20
2021-02-21,33.1084,15.7632,2021,2,21
2021-02-22,34.1837,15.0589,2021,2,22
2021-02-23,32.3084,19.3554,2021,2,23
2021-02-24,34.9848,15.0281,2021,2,24
2021-02-25,25.3583,19.9031,2021,2,25
2021-02-26,34.2755,17.9742,2021,2,26
2021-02-27,30.9955,19.7218,2021,2,27
2021-02-28,37.1362,19.9515,2021,2,28
2021-03-01,35.351,19.1994,2021,3,1
2021-03-02,33.5864,19.7911,2021,3,2
2021-03-03,39.2724,17.5297,2021,3,3
2021-03-04,34.4357,21.9046,2021,3,4
2021-03-05,41.2301,17.6055,2021,3,5
2021-03-06,32.8777,19.8961,2021,3,6
2021-03-07,41.3932,19.1199,2021,3,7
2021-03-08,42.5291,21.0023,2021,3,8
2021-03-09,44.8931,21.1079,2021,3,9
2021-03-10,41.8263,20.0873,2021,3,10
2021-03-11,40.3645,19.7295,2021,3,11
2021-03-12,40.7051,15.9892,2021,3,12
2021-03-13,28.576,21.956999999999997,2021,3,13
2021-03-14,36.4625,16.9995,2021,3,14
2021-03-15,38.8339,21.6738,2021,3,15
2021-03-16,33.8164,18.9151,2021,3,16
2021-03-17,35.1522,18.9502,2021,3,17
2021-03-18,34.2517,20.5154,2021,3,18
2021-03-19,36.4745,18.36,2021,3,19
2021-03-20,38.4847,24.0443,2021,3,20
2021-03-21,37.0273,18.5933,2021,3,21
2021-03-22,33.9545,22.1674,2021,3,22
2021-03-23,37.6704,18.5581,2021,3,23
2021-03-24,37.3956,22.32,2021,3,24
2021-03-25,34.1872,20.5318,2021,3,25
2021-03-26,36.674,18.1023,2021,3,26
2021-03-27,31.2002,20.7691,2021,3,27
2021-03-28,30.5024,15.8529,2021,3,28
2021-03-29,27.3531,20.728,2021,3,29
2021-03-30,31.6336,17.3861,2021,3,30
2021-03-31,30.0395,19.5184,2021,3,31
2021-04-01,38.7199,20.4006,2021,4,1
2021-04-02,40.5619,19.0797,2021,4,2
2021-04-03,39.3479,19.8317,2021,4,3
2021-04-04,40.9772,18.5797,2021,4,4
2021-04-05,38.0698,22.6245,2021,4,5
2021-04-06,41.735,18.4275,2021,4,6
2021-04-07,35.1399,23.7134,2021,4,7
2021-04-08,45.2621,18.613,2021,4,8
2021-04-09,37.5725,20.679000000000002,2021,4,9
2021-04-10,45.6543,21.6043,2021,4,10
2021-04-11,41.5765,16.4603,2021,4,11
2021-04-12,42.4054,23.6201,2021,4,12
2021-04-13,43.5453,18.3441,2021,4,13
2021-04-14,40.9618,20.9731,2021,4,14
2021-04-15,41.8011,17.4793,2021,4,15
2021-04-16,37.5039,21.7068,2021,4,16
2021-04-17,42.2814,16.8443,2021,4,17
2021-04-18,41.0059,20.5043,2021,4,18
2021-04-19,40.591,25.2869,2021,4,19
2021-04-20,42.7988,19.8629,2021,4,20
2021-04-21,37.1773,20.4356,2021,4,21
2021-04-22,42.0219,20.5377,2021,4,22
2021-04-23,25.3537,24.6131,2021,4,23
2021-04-24,41.9316,19.9528,2021,4,24
2021-04-25,37.4317,25.0399,2021,4,25
2021-04-26,43.4134,22.1326,2021,4,26
2021-04-27,43.5762,20.0373,2021,4,27
2021-04-28,39.0813,22.2088,2021,4,28
2021-04-29,43.4808,21.8629,2021,4,29
2021-04-30,41.5968,24.4219,2021,4,30
2021-05-01,44.1337,22.349,2021,5,1
2021-05-02,43.7986,21.6368,2021,5,2
2021-05-03,43.247,19.2439,2021,5,3
2021-05-04,41.2768,23.6059,2021,5,4
2021-05-05,40.0751,23.4891,2021,5,5
2021-05-06,43.6153,19.7281,2021,5,6
2021-05-07,40.5239,23.9029,2021,5,7
2021-05-08,39.9467,24.3237,2021,5,8
2021-05-09,38.0961,24.4349,2021,5,9
2021-05-10,40.9824,22.5856,2021,5,10
2021-05-11,36.6475,23.5804,2021,5,11
2021-05-12,40.9174,22.2688,2021,5,12
2021-05-13,37.7275,21.7841,2021,5,13
2021-05-14,39.6481,24.6888,2021,5,14
2021-05-15,36.4626,18.0725,2021,5,15
2021-05-16,31.9587,24.3919,2021,5,16
2021-05-17,41.673,23.8333,2021,5,17
2021-05-18,40.0324,24.4789,2021,5,18
2021-05-19,38.6536,24.5413,2021,5,19
2021-05-20,38.3362,21.5789,2021,5,20
2021-05-21,38.321999999999996,22.7451,2021,5,21
2021-05-22,38.3245,24.9992,2021,5,22
2021-05-23,45.0598,24.2629,2021,5,23
2021-05-24,34.9666,20.3499,2021,5,24
2021-05-25,34.7361,24.3415,2021,5,25
2021-05-26,44.1679,23.3188,2021,5,26
2021-05-27,37.5594,23.7052,2021,5,27
2021-05-28,41.5647,22.8006,2021,5,28
2021-05-29,39.3304,23.9968,2021,5,29
2021-05-30,43.9095,23.7217,2021,5,30
2021-05-31,41.3028,21.9064,2021,5,31
2021-06-01,38.0791,25.5466,2021,6,1
2021-06-02,37.0379,21.1949,2021,6,2
2021-06-03,36.3915,22.5699,2021,6,3
2021-06-04,35.8718,20.3768,2021,6,4
2021-06-05,33.1851,19.5273,2021,6,5
2021-06-06,34.2628,23.2458,2021,6,6
2021-06-07,34.3173,19.7568,2021,6,7
2021-06-08,31.7397,24.5373,2021,6,8
2021-06-09,38.4943,23.6892,2021,6,9
2021-06-10,30.9359,20.8093,2021,6,10
2021-06-11,37.2354,23.045,2021,6,11
2021-06-12,31.1639,19.8412,2021,6,12
2021-06-13,33.8292,24.0789,2021,6,13
2021-06-14,38.2764,24.7054,2021,6,14
2021-06-15,32.8103,22.7287,2021,6,15
2021-06-16,30.8718,20.6345,2021,6,16
2021-06-17,30.666,23.1606,2021,6,17
2021-06-18,34.3199,20.0079,2021,6,18
2021-06-19,31.6018,24.4153,2021,6,19
2021-06-20,32.7482,23.6781,2021,6,20
2021-06-21,29.2171,17.9683,2021,6,21
2021-06-22,21.281,21.6577,2021,6,22
2021-06-23,33.3582,18.8011,2021,6,23
2021-06-24,24.3284,21.3464,2021,6,24
2021-06-25,31.7978,19.7772,2021,6,25
2021-06-26,36.6271,23.2687,2021,6,26
2021-06-27,33.5501,21.1762,2021,6,27
2021-06-28,25.279,21.1529,2021,6,28
2021-06-30,30.6034,20.9271,2021,6,30
2021-07-01,31.8803,22.5745,2021,7,1
2021-07-02,32.9571,17.8001,2021,7,2
2021-07-03,31.3155,23.2663,2021,7,3
2021-07-04,34.094,20.7038,2021,7,4
2021-07-05,28.2477,21.015,2021,7,5
2021-07-06,33.7156,18.979,2021,7,6
2021-07-07,33.8751,21.6991,2021,7,7
2021-07-08,30.4728,21.4846,2021,7,8
2021-07-09,29.3749,22.4931,2021,7,9
2021-07-10,31.1954,22.0897,2021,7,10
2021-07-11,29.5573,19.8205,2021,7,11
2021-07-12,23.5929,18.2645,2021,7,12
2021-07-13,30.1446,18.6156,2021,7,13
2021-07-14,27.2302,21.0184,2021,7,14
2021-07-15,30.6785,19.7578,2021,7,15
2021-07-16,29.1925,19.5857,2021,7,16
2021-07-17,25.3091,22.5457,2021,7,17
2021-07-18,21.5255,18.851,2021,7,18
2021-07-19,22.5812,22.2287,2021,7,19
2021-07-20,31.0785,21.2743,2021,7,20
2021-07-21,26.6128,21.2409,2021,7,21
2021-07-22,28.5834,21.7805,2021,7,22
2021-07-23,29.7724,22.9356,2021,7,23
2021-07-24,30.6815,21.406999999999996,2021,7,24
2021-07-25,29.2062,18.2123,2021,7,25
2021-07-26,27.6697,20.7313,2021,7,26
2021-07-27,25.6242,16.9233,2021,7,27
2021-07-28,23.1138,20.5553,2021,7,28
2021-07-29,27.3169,20.8118,2021,7,29
2021-07-30,23.4681,23.303,2021,7,30
2021-07-31,25.7147,21.8796,2021,7,31
2021-08-01,30.6996,22.5252,2021,8,1
2021-08-02,28.6466,20.7371,2021,8,2
2021-08-03,28.7083,21.1392,2021,8,3
2021-08-04,23.2028,23.781999999999996,2021,8,4
2021-08-05,30.4297,19.2139,2021,8,5
2021-08-06,25.4154,23.1248,2021,8,6
2021-08-07,28.0127,21.0559,2021,8,7
2021-08-08,25.7939,21.4433,2021,8,8
2021-08-09,28.4761,23.1824,2021,8,9
2021-08-10,27.732,16.1592,2021,8,10
2021-08-11,27.5031,20.5314,2021,8,11
2021-08-12,24.7699,17.209,2021,8,12
2021-08-13,19.1163,22.4895,2021,8,13
2021-08-14,29.1996,21.4179,2021,8,14
2021-08-15,22.37,19.1219,2021,8,15
2021-08-16,29.9025,21.8736,2021,8,16
2021-08-17,27.8442,21.7573,2021,8,17
2021-08-18,25.5541,21.5549,2021,8,18
2021-08-19,25.5318,19.2023,2021,8,19
2021-08-20,24.5419,23.0873,2021,8,20
2021-08-21,30.9788,17.3621,2021,8,21
2021-08-22,26.0124,21.0547,2021,8,22
2021-08-23,31.2173,21.4349,2021,8,23
2021-08-24,30.6194,24.4577,2021,8,24
2021-08-25,32.7319,16.9009,2021,8,25
2021-08-26,26.866,17.6668,2021,8,26
2021-08-27,32.0239,23.7513,2021,8,27
2021-08-29,25.7255,24.3464,2021,8,29
2021-08-30,31.4781,22.9679,2021,8,30
2021-08-31,22.7802,21.436,2021,8,31
2021-09-01,32.3155,21.5572,2021,9,1
2021-09-02,27.0992,17.1274,2021,9,2
2021-09-03,28.0565,21.9221,2021,9,3
2021-09-04,29.2775,21.2492,2021,9,4
2021-09-05,25.1734,22.4815,2021,9,5
2021-09-06,28.3564,21.6449,2021,9,6
2021-09-07,24.2866,22.6551,2021,9,7
2021-09-08,30.913,21.622,2021,9,8
2021-09-09,29.3322,22.2496,2021,9,9
2021-09-10,30.1242,18.5558,2021,9,10
2021-09-11,28.7316,18.0813,2021,9,11
2021-09-12,27.9511,21.0192,2021,9,12
2021-09-14,22.6834,23.2041,2021,9,14
2021-09-15,31.9148,22.4852,2021,9,15
